<?xml version="1.0" encoding="utf-8"?>
<Element xmlns:xsi="http://www.w3.org/2001/XMLSchema-instance" xmlns:xsd="http://www.w3.org/2001/XMLSchema" Name="57103" ShortName="Шаблон экрана" Tag="57103" TreeObject="АРМ 1">
  <ID ItemID="57103" TaskNumber="0" TypeHash="0" Path="" STType="" UIDType="Inner">
    <Owner ItemID="57103" TaskNumber="0" TypeHash="0" STType="" UIDType="Inner" />
  </ID>
  <UsedSTTypes>
    <string>LREAL</string>
    <string>HMI.SolidColorType</string>
    <string>HMI.GradientColorType</string>
    <string>HMI.BorderStyleType</string>
    <string>STRING</string>
    <string>HMI.ResourceType</string>
    <string>HMI.TileType</string>
    <string>HMI.SizeType</string>
    <string>HMI.ProportionType</string>
    <string>DINT</string>
    <string>HMI.DockType</string>
  </UsedSTTypes>
  <Parameters>
    <Parameter Name="Ширина" ShortName="57105" Tag="57105" Role="Width" Value="1920">
      <ID ItemID="57105" TaskNumber="0" TypeHash="1" Path="" STType="LREAL" UIDType="Inner">
        <Owner ItemID="57103" TaskNumber="0" TypeHash="0" STType="" UIDType="Inner" />
      </ID>
      <Parent ItemID="57103" TaskNumber="0" TypeHash="0" Path="" STType="" UIDType="Inner">
        <Owner ItemID="57103" TaskNumber="0" TypeHash="0" STType="" UIDType="Inner" />
      </Parent>
      <IsValueFromTheme>false</IsValueFromTheme>
      <Connections />
      <IsDynamized>false</IsDynamized>
      <ContiniuosUpdate>false</ContiniuosUpdate>
    </Parameter>
    <Parameter Name="Высота" ShortName="57106" Tag="57106" Role="Height" Value="1080">
      <ID ItemID="57106" TaskNumber="0" TypeHash="1" Path="" STType="LREAL" UIDType="Inner">
        <Owner ItemID="57103" TaskNumber="0" TypeHash="0" STType="" UIDType="Inner" />
      </ID>
      <Parent ItemID="57103" TaskNumber="0" TypeHash="0" Path="" STType="" UIDType="Inner">
        <Owner ItemID="57103" TaskNumber="0" TypeHash="0" STType="" UIDType="Inner" />
      </Parent>
      <IsValueFromTheme>false</IsValueFromTheme>
      <Connections />
      <IsDynamized>false</IsDynamized>
      <ContiniuosUpdate>false</ContiniuosUpdate>
    </Parameter>
    <Parameter Name="Толщина рамки" ShortName="57107" Tag="57107" Role="BorderThickness" Value="1">
      <ID ItemID="57107" TaskNumber="0" TypeHash="1" Path="" STType="LREAL" UIDType="Inner">
        <Owner ItemID="57103" TaskNumber="0" TypeHash="0" STType="" UIDType="Inner" />
      </ID>
      <Parent ItemID="57103" TaskNumber="0" TypeHash="0" Path="" STType="" UIDType="Inner">
        <Owner ItemID="57103" TaskNumber="0" TypeHash="0" STType="" UIDType="Inner" />
      </Parent>
      <IsValueFromTheme>false</IsValueFromTheme>
      <Connections />
      <IsDynamized>false</IsDynamized>
      <ContiniuosUpdate>false</ContiniuosUpdate>
    </Parameter>
    <Parameter Name="Цвет рамки" ShortName="57108" Tag="57108" Role="BorderColor" Value="GRAY">
      <ID ItemID="57108" TaskNumber="0" TypeHash="4" Path="" STType="HMI.SolidColorType" UIDType="Inner">
        <Owner ItemID="57103" TaskNumber="0" TypeHash="0" STType="" UIDType="Inner" />
      </ID>
      <Parent ItemID="57103" TaskNumber="0" TypeHash="0" Path="" STType="" UIDType="Inner">
        <Owner ItemID="57103" TaskNumber="0" TypeHash="0" STType="" UIDType="Inner" />
      </Parent>
      <IsValueFromTheme>false</IsValueFromTheme>
      <Connections />
      <IsDynamized>false</IsDynamized>
      <ContiniuosUpdate>false</ContiniuosUpdate>
    </Parameter>
    <Parameter Name="Заливка фона" ShortName="57109" Tag="57109" Role="BackgroundColor" Value="rgb(245,240,245)">
      <ID ItemID="57109" TaskNumber="0" TypeHash="4" Path="" STType="HMI.GradientColorType" UIDType="Inner">
        <Owner ItemID="57103" TaskNumber="0" TypeHash="0" STType="" UIDType="Inner" />
      </ID>
      <Parent ItemID="57103" TaskNumber="0" TypeHash="0" Path="" STType="" UIDType="Inner">
        <Owner ItemID="57103" TaskNumber="0" TypeHash="0" STType="" UIDType="Inner" />
      </Parent>
      <IsValueFromTheme>false</IsValueFromTheme>
      <Connections />
      <IsDynamized>false</IsDynamized>
      <ContiniuosUpdate>false</ContiniuosUpdate>
    </Parameter>
    <Parameter Name="Прозрачность" ShortName="57110" Tag="57110" Role="Opacity" Value="100">
      <ID ItemID="57110" TaskNumber="0" TypeHash="1" Path="" STType="LREAL" UIDType="Inner">
        <Owner ItemID="57103" TaskNumber="0" TypeHash="0" STType="" UIDType="Inner" />
      </ID>
      <Parent ItemID="57103" TaskNumber="0" TypeHash="0" Path="" STType="" UIDType="Inner">
        <Owner ItemID="57103" TaskNumber="0" TypeHash="0" STType="" UIDType="Inner" />
      </Parent>
      <IsValueFromTheme>false</IsValueFromTheme>
      <Connections />
      <IsDynamized>false</IsDynamized>
      <ContiniuosUpdate>false</ContiniuosUpdate>
    </Parameter>
    <Parameter Name="Стиль рамки" ShortName="57111" Tag="57111" Role="BorderStyle" Value="0">
      <ID ItemID="57111" TaskNumber="0" TypeHash="5" Path="" STType="HMI.BorderStyleType" UIDType="Inner">
        <Owner ItemID="57103" TaskNumber="0" TypeHash="0" STType="" UIDType="Inner" />
      </ID>
      <Parent ItemID="57103" TaskNumber="0" TypeHash="0" Path="" STType="" UIDType="Inner">
        <Owner ItemID="57103" TaskNumber="0" TypeHash="0" STType="" UIDType="Inner" />
      </Parent>
      <IsValueFromTheme>false</IsValueFromTheme>
      <Connections />
      <IsDynamized>false</IsDynamized>
      <ContiniuosUpdate>false</ContiniuosUpdate>
    </Parameter>
    <Parameter Name="Всплывающая подсказка" ShortName="57112" Tag="57112" Role="ToolTip" Value="">
      <ID ItemID="57112" TaskNumber="0" TypeHash="4" Path="" STType="STRING" UIDType="Inner">
        <Owner ItemID="57103" TaskNumber="0" TypeHash="0" STType="" UIDType="Inner" />
      </ID>
      <Parent ItemID="57103" TaskNumber="0" TypeHash="0" Path="" STType="" UIDType="Inner">
        <Owner ItemID="57103" TaskNumber="0" TypeHash="0" STType="" UIDType="Inner" />
      </Parent>
      <IsValueFromTheme>false</IsValueFromTheme>
      <Connections />
      <IsDynamized>false</IsDynamized>
      <ContiniuosUpdate>false</ContiniuosUpdate>
    </Parameter>
    <Parameter Name="Изображение фона" ShortName="57113" Tag="57113" Role="Resource" Value="">
      <ID ItemID="57113" TaskNumber="0" TypeHash="4" Path="" STType="HMI.ResourceType" UIDType="Inner">
        <Owner ItemID="57103" TaskNumber="0" TypeHash="0" STType="" UIDType="Inner" />
      </ID>
      <Parent ItemID="57103" TaskNumber="0" TypeHash="0" Path="" STType="" UIDType="Inner">
        <Owner ItemID="57103" TaskNumber="0" TypeHash="0" STType="" UIDType="Inner" />
      </Parent>
      <IsValueFromTheme>false</IsValueFromTheme>
      <Connections />
      <IsDynamized>false</IsDynamized>
      <ContiniuosUpdate>false</ContiniuosUpdate>
    </Parameter>
    <Parameter Name="Замостка фона" ShortName="57114" Tag="57114" Role="BackgroundTile" Value="2">
      <ID ItemID="57114" TaskNumber="0" TypeHash="5" Path="" STType="HMI.TileType" UIDType="Inner">
        <Owner ItemID="57103" TaskNumber="0" TypeHash="0" STType="" UIDType="Inner" />
      </ID>
      <Parent ItemID="57103" TaskNumber="0" TypeHash="0" Path="" STType="" UIDType="Inner">
        <Owner ItemID="57103" TaskNumber="0" TypeHash="0" STType="" UIDType="Inner" />
      </Parent>
      <IsValueFromTheme>false</IsValueFromTheme>
      <Connections />
      <IsDynamized>false</IsDynamized>
      <ContiniuosUpdate>false</ContiniuosUpdate>
    </Parameter>
    <Parameter Name="XType" ShortName="XType" Tag="0" Role="XType" Value="1">
      <ID ItemID="4294967275" TaskNumber="0" TypeHash="5" Path="" STType="HMI.SizeType" UIDType="Inner" />
      <IsValueFromTheme>false</IsValueFromTheme>
      <IsDynamized>false</IsDynamized>
      <ContiniuosUpdate>false</ContiniuosUpdate>
    </Parameter>
    <Parameter Name="YType" ShortName="YType" Tag="0" Role="YType" Value="1">
      <ID ItemID="4294967274" TaskNumber="0" TypeHash="5" Path="" STType="HMI.SizeType" UIDType="Inner" />
      <IsValueFromTheme>false</IsValueFromTheme>
      <IsDynamized>false</IsDynamized>
      <ContiniuosUpdate>false</ContiniuosUpdate>
    </Parameter>
    <Parameter Name="ProportionType" ShortName="ProportionType" Tag="0" Role="ProportionType" Value="4">
      <ID ItemID="4294967273" TaskNumber="0" TypeHash="5" Path="" STType="HMI.ProportionType" UIDType="Inner" />
      <IsValueFromTheme>false</IsValueFromTheme>
      <IsDynamized>false</IsDynamized>
      <ContiniuosUpdate>false</ContiniuosUpdate>
    </Parameter>
    <Parameter Name="WidthType" ShortName="WidthType" Tag="0" Role="WidthType" Value="1">
      <ID ItemID="4294967272" TaskNumber="0" TypeHash="5" Path="" STType="HMI.SizeType" UIDType="Inner" />
      <IsValueFromTheme>false</IsValueFromTheme>
      <IsDynamized>false</IsDynamized>
      <ContiniuosUpdate>false</ContiniuosUpdate>
    </Parameter>
    <Parameter Name="HeightType" ShortName="HeightType" Tag="0" Role="HeightType" Value="1">
      <ID ItemID="4294967271" TaskNumber="0" TypeHash="5" Path="" STType="HMI.SizeType" UIDType="Inner" />
      <IsValueFromTheme>false</IsValueFromTheme>
      <IsDynamized>false</IsDynamized>
      <ContiniuosUpdate>false</ContiniuosUpdate>
    </Parameter>
  </Parameters>
  <Elements>
    <Element Name="57116" ShortName="Строка статуса" Tag="57116" TreeObject="АРМ 1">
      <ID ItemID="57116" TaskNumber="0" TypeHash="0" Path="" STType="" UIDType="Inner">
        <Owner ItemID="57116" TaskNumber="0" TypeHash="0" STType="" UIDType="Inner" />
      </ID>
      <Parent ItemID="57103" TaskNumber="0" TypeHash="0" Path="" STType="" UIDType="Inner">
        <Owner ItemID="57103" TaskNumber="0" TypeHash="0" STType="" UIDType="Inner" />
      </Parent>
      <UsedSTTypes>
        <string>HMI.ResourceType</string>
        <string>DINT</string>
        <string>LREAL</string>
        <string>HMI.DockType</string>
        <string>HMI.SizeType</string>
      </UsedSTTypes>
      <TypeID ItemID="6290" TaskNumber="0" TypeHash="0" Path="" STType="" UIDType="Inner">
        <Owner ItemID="6290" TaskNumber="0" TypeHash="0" STType="" UIDType="Inner" />
      </TypeID>
      <Parameters>
        <Parameter Name="Образ" ShortName="57133" Tag="57133" Role="SkinResource" Value="">
          <ID ItemID="57133" TaskNumber="0" TypeHash="4" Path="" STType="HMI.ResourceType" UIDType="Inner">
            <Owner ItemID="57116" TaskNumber="0" TypeHash="0" STType="" UIDType="Inner" />
          </ID>
          <Parent ItemID="57116" TaskNumber="0" TypeHash="0" Path="" STType="" UIDType="Inner">
            <Owner ItemID="57116" TaskNumber="0" TypeHash="0" STType="" UIDType="Inner" />
          </Parent>
          <IsValueFromTheme>false</IsValueFromTheme>
          <Connections />
          <IsDynamized>false</IsDynamized>
          <ContiniuosUpdate>false</ContiniuosUpdate>
        </Parameter>
        <Parameter Name="Порядок Z" ShortName="57136" Tag="57136" Role="Z" Value="">
          <ID ItemID="57136" TaskNumber="0" TypeHash="6" Path="" STType="DINT" UIDType="Inner">
            <Owner ItemID="57116" TaskNumber="0" TypeHash="0" STType="" UIDType="Inner" />
          </ID>
          <Parent ItemID="57116" TaskNumber="0" TypeHash="0" Path="" STType="" UIDType="Inner">
            <Owner ItemID="57116" TaskNumber="0" TypeHash="0" STType="" UIDType="Inner" />
          </Parent>
          <IsValueFromTheme>false</IsValueFromTheme>
          <Connections />
          <IsDynamized>false</IsDynamized>
          <ContiniuosUpdate>false</ContiniuosUpdate>
        </Parameter>
        <Parameter Name="Ширина" ShortName="57137" Tag="57137" Role="Width" Value="800">
          <ID ItemID="57137" TaskNumber="0" TypeHash="1" Path="" STType="LREAL" UIDType="Inner">
            <Owner ItemID="57116" TaskNumber="0" TypeHash="0" STType="" UIDType="Inner" />
          </ID>
          <Parent ItemID="57116" TaskNumber="0" TypeHash="0" Path="" STType="" UIDType="Inner">
            <Owner ItemID="57116" TaskNumber="0" TypeHash="0" STType="" UIDType="Inner" />
          </Parent>
          <IsValueFromTheme>false</IsValueFromTheme>
          <Connections />
          <IsDynamized>false</IsDynamized>
          <ContiniuosUpdate>false</ContiniuosUpdate>
        </Parameter>
        <Parameter Name="Высота" ShortName="57134" Tag="57134" Role="Height" Value="20">
          <ID ItemID="57134" TaskNumber="0" TypeHash="1" Path="" STType="LREAL" UIDType="Inner">
            <Owner ItemID="57116" TaskNumber="0" TypeHash="0" STType="" UIDType="Inner" />
          </ID>
          <Parent ItemID="57116" TaskNumber="0" TypeHash="0" Path="" STType="" UIDType="Inner">
            <Owner ItemID="57116" TaskNumber="0" TypeHash="0" STType="" UIDType="Inner" />
          </Parent>
          <IsValueFromTheme>false</IsValueFromTheme>
          <Connections />
          <IsDynamized>false</IsDynamized>
          <ContiniuosUpdate>false</ContiniuosUpdate>
        </Parameter>
        <Parameter Name="Клавиатурный индекс" ShortName="57135" Tag="57135" Role="TabIndex" Value="">
          <ID ItemID="57135" TaskNumber="0" TypeHash="6" Path="" STType="DINT" UIDType="Inner">
            <Owner ItemID="57116" TaskNumber="0" TypeHash="0" STType="" UIDType="Inner" />
          </ID>
          <Parent ItemID="57116" TaskNumber="0" TypeHash="0" Path="" STType="" UIDType="Inner">
            <Owner ItemID="57116" TaskNumber="0" TypeHash="0" STType="" UIDType="Inner" />
          </Parent>
          <IsValueFromTheme>false</IsValueFromTheme>
          <Connections />
          <IsDynamized>false</IsDynamized>
          <ContiniuosUpdate>false</ContiniuosUpdate>
        </Parameter>
        <Parameter Name="Изображение фона" ShortName="57132" Tag="57132" Role="Resource" Value="">
          <ID ItemID="57132" TaskNumber="0" TypeHash="4" Path="" STType="HMI.ResourceType" UIDType="Inner">
            <Owner ItemID="57116" TaskNumber="0" TypeHash="0" STType="" UIDType="Inner" />
          </ID>
          <Parent ItemID="57116" TaskNumber="0" TypeHash="0" Path="" STType="" UIDType="Inner">
            <Owner ItemID="57116" TaskNumber="0" TypeHash="0" STType="" UIDType="Inner" />
          </Parent>
          <IsValueFromTheme>false</IsValueFromTheme>
          <Connections />
          <IsDynamized>false</IsDynamized>
          <ContiniuosUpdate>false</ContiniuosUpdate>
        </Parameter>
        <Parameter Name="Координата X" ShortName="57138" Tag="57138" Role="X" Value="0">
          <ID ItemID="57138" TaskNumber="0" TypeHash="1" Path="" STType="LREAL" UIDType="Inner">
            <Owner ItemID="57116" TaskNumber="0" TypeHash="0" STType="" UIDType="Inner" />
          </ID>
          <Parent ItemID="57116" TaskNumber="0" TypeHash="0" Path="" STType="" UIDType="Inner">
            <Owner ItemID="57116" TaskNumber="0" TypeHash="0" STType="" UIDType="Inner" />
          </Parent>
          <IsValueFromTheme>false</IsValueFromTheme>
          <Connections />
          <IsDynamized>false</IsDynamized>
          <ContiniuosUpdate>false</ContiniuosUpdate>
        </Parameter>
        <Parameter Name="Координата Y" ShortName="57139" Tag="57139" Role="Y" Value="0">
          <ID ItemID="57139" TaskNumber="0" TypeHash="1" Path="" STType="LREAL" UIDType="Inner">
            <Owner ItemID="57116" TaskNumber="0" TypeHash="0" STType="" UIDType="Inner" />
          </ID>
          <Parent ItemID="57116" TaskNumber="0" TypeHash="0" Path="" STType="" UIDType="Inner">
            <Owner ItemID="57116" TaskNumber="0" TypeHash="0" STType="" UIDType="Inner" />
          </Parent>
          <IsValueFromTheme>false</IsValueFromTheme>
          <Connections />
          <IsDynamized>false</IsDynamized>
          <ContiniuosUpdate>false</ContiniuosUpdate>
        </Parameter>
        <Parameter Name="Положение" ShortName="57140" Tag="57140" Role="DockStyle" Value="1">
          <ID ItemID="57140" TaskNumber="0" TypeHash="5" Path="" STType="HMI.DockType" UIDType="Inner">
            <Owner ItemID="57116" TaskNumber="0" TypeHash="0" STType="" UIDType="Inner" />
          </ID>
          <Parent ItemID="57116" TaskNumber="0" TypeHash="0" Path="" STType="" UIDType="Inner">
            <Owner ItemID="57116" TaskNumber="0" TypeHash="0" STType="" UIDType="Inner" />
          </Parent>
          <IsValueFromTheme>false</IsValueFromTheme>
          <Connections />
          <IsDynamized>false</IsDynamized>
          <ContiniuosUpdate>false</ContiniuosUpdate>
        </Parameter>
        <Parameter Name="XType" ShortName="XType" Tag="0" Role="XType" Value="1">
          <ID ItemID="4294967265" TaskNumber="0" TypeHash="5" Path="" STType="HMI.SizeType" UIDType="Inner" />
          <Parent ItemID="57103" TaskNumber="0" TypeHash="0" Path="" STType="" UIDType="Inner">
            <Owner ItemID="57103" TaskNumber="0" TypeHash="0" STType="" UIDType="Inner" />
          </Parent>
          <IsValueFromTheme>false</IsValueFromTheme>
          <IsDynamized>false</IsDynamized>
          <ContiniuosUpdate>false</ContiniuosUpdate>
        </Parameter>
        <Parameter Name="YType" ShortName="YType" Tag="0" Role="YType" Value="1">
          <ID ItemID="4294967264" TaskNumber="0" TypeHash="5" Path="" STType="HMI.SizeType" UIDType="Inner" />
          <Parent ItemID="57103" TaskNumber="0" TypeHash="0" Path="" STType="" UIDType="Inner">
            <Owner ItemID="57103" TaskNumber="0" TypeHash="0" STType="" UIDType="Inner" />
          </Parent>
          <IsValueFromTheme>false</IsValueFromTheme>
          <IsDynamized>false</IsDynamized>
          <ContiniuosUpdate>false</ContiniuosUpdate>
        </Parameter>
        <Parameter Name="WidthType" ShortName="WidthType" Tag="0" Role="WidthType" Value="1">
          <ID ItemID="4294967263" TaskNumber="0" TypeHash="5" Path="" STType="HMI.SizeType" UIDType="Inner" />
          <Parent ItemID="57103" TaskNumber="0" TypeHash="0" Path="" STType="" UIDType="Inner">
            <Owner ItemID="57103" TaskNumber="0" TypeHash="0" STType="" UIDType="Inner" />
          </Parent>
          <IsValueFromTheme>false</IsValueFromTheme>
          <IsDynamized>false</IsDynamized>
          <ContiniuosUpdate>false</ContiniuosUpdate>
        </Parameter>
        <Parameter Name="HeightType" ShortName="HeightType" Tag="0" Role="HeightType" Value="1">
          <ID ItemID="4294967262" TaskNumber="0" TypeHash="5" Path="" STType="HMI.SizeType" UIDType="Inner" />
          <Parent ItemID="57103" TaskNumber="0" TypeHash="0" Path="" STType="" UIDType="Inner">
            <Owner ItemID="57103" TaskNumber="0" TypeHash="0" STType="" UIDType="Inner" />
          </Parent>
          <IsValueFromTheme>false</IsValueFromTheme>
          <IsDynamized>false</IsDynamized>
          <ContiniuosUpdate>false</ContiniuosUpdate>
        </Parameter>
      </Parameters>
      <ObjectId>0</ObjectId>
      <ServerTaskId>-1</ServerTaskId>
      <ServerTaskItemId>0</ServerTaskItemId>
      <HasConnections>false</HasConnections>
    </Element>
    <Element Name="57117" ShortName="Контейнер стартового окна" Tag="57117" TreeObject="АРМ 1">
      <ID ItemID="57117" TaskNumber="0" TypeHash="0" Path="" STType="" UIDType="Inner">
        <Owner ItemID="57117" TaskNumber="0" TypeHash="0" STType="" UIDType="Inner" />
      </ID>
      <Parent ItemID="57103" TaskNumber="0" TypeHash="0" Path="" STType="" UIDType="Inner">
        <Owner ItemID="57103" TaskNumber="0" TypeHash="0" STType="" UIDType="Inner" />
      </Parent>
      <UsedSTTypes>
        <string>HMI.ResourceType</string>
        <string>DINT</string>
        <string>LREAL</string>
        <string>HMI.SizeType</string>
        <string>HMI.ProportionType</string>
      </UsedSTTypes>
      <TypeID ItemID="5888" TaskNumber="0" TypeHash="0" Path="" STType="" UIDType="Inner">
        <Owner ItemID="5888" TaskNumber="0" TypeHash="0" STType="" UIDType="Inner" />
      </TypeID>
      <Parameters>
        <Parameter Name="Образ" ShortName="57120" Tag="57120" Role="SkinResource" Value="">
          <ID ItemID="57120" TaskNumber="0" TypeHash="4" Path="" STType="HMI.ResourceType" UIDType="Inner">
            <Owner ItemID="57117" TaskNumber="0" TypeHash="0" STType="" UIDType="Inner" />
          </ID>
          <Parent ItemID="57117" TaskNumber="0" TypeHash="0" Path="" STType="" UIDType="Inner">
            <Owner ItemID="57117" TaskNumber="0" TypeHash="0" STType="" UIDType="Inner" />
          </Parent>
          <IsValueFromTheme>false</IsValueFromTheme>
          <Connections />
          <IsDynamized>false</IsDynamized>
          <ContiniuosUpdate>false</ContiniuosUpdate>
        </Parameter>
        <Parameter Name="Порядок Z" ShortName="57123" Tag="57123" Role="Z" Value="">
          <ID ItemID="57123" TaskNumber="0" TypeHash="6" Path="" STType="DINT" UIDType="Inner">
            <Owner ItemID="57117" TaskNumber="0" TypeHash="0" STType="" UIDType="Inner" />
          </ID>
          <Parent ItemID="57117" TaskNumber="0" TypeHash="0" Path="" STType="" UIDType="Inner">
            <Owner ItemID="57117" TaskNumber="0" TypeHash="0" STType="" UIDType="Inner" />
          </Parent>
          <IsValueFromTheme>false</IsValueFromTheme>
          <Connections />
          <IsDynamized>false</IsDynamized>
          <ContiniuosUpdate>false</ContiniuosUpdate>
        </Parameter>
        <Parameter Name="Ширина" ShortName="57124" Tag="57124" Role="Width" Value="400">
          <ID ItemID="57124" TaskNumber="0" TypeHash="1" Path="" STType="LREAL" UIDType="Inner">
            <Owner ItemID="57117" TaskNumber="0" TypeHash="0" STType="" UIDType="Inner" />
          </ID>
          <Parent ItemID="57117" TaskNumber="0" TypeHash="0" Path="" STType="" UIDType="Inner">
            <Owner ItemID="57117" TaskNumber="0" TypeHash="0" STType="" UIDType="Inner" />
          </Parent>
          <IsValueFromTheme>false</IsValueFromTheme>
          <Connections />
          <IsDynamized>false</IsDynamized>
          <ContiniuosUpdate>false</ContiniuosUpdate>
        </Parameter>
        <Parameter Name="Высота" ShortName="57121" Tag="57121" Role="Height" Value="300">
          <ID ItemID="57121" TaskNumber="0" TypeHash="1" Path="" STType="LREAL" UIDType="Inner">
            <Owner ItemID="57117" TaskNumber="0" TypeHash="0" STType="" UIDType="Inner" />
          </ID>
          <Parent ItemID="57117" TaskNumber="0" TypeHash="0" Path="" STType="" UIDType="Inner">
            <Owner ItemID="57117" TaskNumber="0" TypeHash="0" STType="" UIDType="Inner" />
          </Parent>
          <IsValueFromTheme>false</IsValueFromTheme>
          <Connections />
          <IsDynamized>false</IsDynamized>
          <ContiniuosUpdate>false</ContiniuosUpdate>
        </Parameter>
        <Parameter Name="Клавиатурный индекс" ShortName="57122" Tag="57122" Role="TabIndex" Value="">
          <ID ItemID="57122" TaskNumber="0" TypeHash="6" Path="" STType="DINT" UIDType="Inner">
            <Owner ItemID="57117" TaskNumber="0" TypeHash="0" STType="" UIDType="Inner" />
          </ID>
          <Parent ItemID="57117" TaskNumber="0" TypeHash="0" Path="" STType="" UIDType="Inner">
            <Owner ItemID="57117" TaskNumber="0" TypeHash="0" STType="" UIDType="Inner" />
          </Parent>
          <IsValueFromTheme>false</IsValueFromTheme>
          <Connections />
          <IsDynamized>false</IsDynamized>
          <ContiniuosUpdate>false</ContiniuosUpdate>
        </Parameter>
        <Parameter Name="Изображение фона" ShortName="57119" Tag="57119" Role="Resource" Value="">
          <ID ItemID="57119" TaskNumber="0" TypeHash="4" Path="" STType="HMI.ResourceType" UIDType="Inner">
            <Owner ItemID="57117" TaskNumber="0" TypeHash="0" STType="" UIDType="Inner" />
          </ID>
          <Parent ItemID="57117" TaskNumber="0" TypeHash="0" Path="" STType="" UIDType="Inner">
            <Owner ItemID="57117" TaskNumber="0" TypeHash="0" STType="" UIDType="Inner" />
          </Parent>
          <IsValueFromTheme>false</IsValueFromTheme>
          <Connections />
          <IsDynamized>false</IsDynamized>
          <ContiniuosUpdate>false</ContiniuosUpdate>
        </Parameter>
        <Parameter Name="Координата X" ShortName="57125" Tag="57125" Role="X" Value="0">
          <ID ItemID="57125" TaskNumber="0" TypeHash="1" Path="" STType="LREAL" UIDType="Inner">
            <Owner ItemID="57117" TaskNumber="0" TypeHash="0" STType="" UIDType="Inner" />
          </ID>
          <Parent ItemID="57117" TaskNumber="0" TypeHash="0" Path="" STType="" UIDType="Inner">
            <Owner ItemID="57117" TaskNumber="0" TypeHash="0" STType="" UIDType="Inner" />
          </Parent>
          <IsValueFromTheme>false</IsValueFromTheme>
          <Connections />
          <IsDynamized>false</IsDynamized>
          <ContiniuosUpdate>false</ContiniuosUpdate>
        </Parameter>
        <Parameter Name="Координата Y" ShortName="57126" Tag="57126" Role="Y" Value="0">
          <ID ItemID="57126" TaskNumber="0" TypeHash="1" Path="" STType="LREAL" UIDType="Inner">
            <Owner ItemID="57117" TaskNumber="0" TypeHash="0" STType="" UIDType="Inner" />
          </ID>
          <Parent ItemID="57117" TaskNumber="0" TypeHash="0" Path="" STType="" UIDType="Inner">
            <Owner ItemID="57117" TaskNumber="0" TypeHash="0" STType="" UIDType="Inner" />
          </Parent>
          <IsValueFromTheme>false</IsValueFromTheme>
          <Connections />
          <IsDynamized>false</IsDynamized>
          <ContiniuosUpdate>false</ContiniuosUpdate>
        </Parameter>
        <Parameter Name="XType" ShortName="XType" Tag="0" Role="XType" Value="1">
          <ID ItemID="4294967261" TaskNumber="0" TypeHash="5" Path="" STType="HMI.SizeType" UIDType="Inner" />
          <Parent ItemID="57103" TaskNumber="0" TypeHash="0" Path="" STType="" UIDType="Inner">
            <Owner ItemID="57103" TaskNumber="0" TypeHash="0" STType="" UIDType="Inner" />
          </Parent>
          <IsValueFromTheme>false</IsValueFromTheme>
          <IsDynamized>false</IsDynamized>
          <ContiniuosUpdate>false</ContiniuosUpdate>
        </Parameter>
        <Parameter Name="YType" ShortName="YType" Tag="0" Role="YType" Value="1">
          <ID ItemID="4294967260" TaskNumber="0" TypeHash="5" Path="" STType="HMI.SizeType" UIDType="Inner" />
          <Parent ItemID="57103" TaskNumber="0" TypeHash="0" Path="" STType="" UIDType="Inner">
            <Owner ItemID="57103" TaskNumber="0" TypeHash="0" STType="" UIDType="Inner" />
          </Parent>
          <IsValueFromTheme>false</IsValueFromTheme>
          <IsDynamized>false</IsDynamized>
          <ContiniuosUpdate>false</ContiniuosUpdate>
        </Parameter>
        <Parameter Name="ProportionType" ShortName="ProportionType" Tag="0" Role="ProportionType" Value="0">
          <ID ItemID="4294967259" TaskNumber="0" TypeHash="5" Path="" STType="HMI.ProportionType" UIDType="Inner" />
          <Parent ItemID="57103" TaskNumber="0" TypeHash="0" Path="" STType="" UIDType="Inner">
            <Owner ItemID="57103" TaskNumber="0" TypeHash="0" STType="" UIDType="Inner" />
          </Parent>
          <IsValueFromTheme>false</IsValueFromTheme>
          <IsDynamized>false</IsDynamized>
          <ContiniuosUpdate>false</ContiniuosUpdate>
        </Parameter>
        <Parameter Name="WidthType" ShortName="WidthType" Tag="0" Role="WidthType" Value="1">
          <ID ItemID="4294967258" TaskNumber="0" TypeHash="5" Path="" STType="HMI.SizeType" UIDType="Inner" />
          <Parent ItemID="57103" TaskNumber="0" TypeHash="0" Path="" STType="" UIDType="Inner">
            <Owner ItemID="57103" TaskNumber="0" TypeHash="0" STType="" UIDType="Inner" />
          </Parent>
          <IsValueFromTheme>false</IsValueFromTheme>
          <IsDynamized>false</IsDynamized>
          <ContiniuosUpdate>false</ContiniuosUpdate>
        </Parameter>
        <Parameter Name="HeightType" ShortName="HeightType" Tag="0" Role="HeightType" Value="1">
          <ID ItemID="4294967257" TaskNumber="0" TypeHash="5" Path="" STType="HMI.SizeType" UIDType="Inner" />
          <Parent ItemID="57103" TaskNumber="0" TypeHash="0" Path="" STType="" UIDType="Inner">
            <Owner ItemID="57103" TaskNumber="0" TypeHash="0" STType="" UIDType="Inner" />
          </Parent>
          <IsValueFromTheme>false</IsValueFromTheme>
          <IsDynamized>false</IsDynamized>
          <ContiniuosUpdate>false</ContiniuosUpdate>
        </Parameter>
      </Parameters>
      <ObjectId>0</ObjectId>
      <ServerTaskId>-1</ServerTaskId>
      <ServerTaskItemId>0</ServerTaskItemId>
      <HasConnections>false</HasConnections>
    </Element>
  </Elements>
  <ObjectId>0</ObjectId>
  <ServerTaskId>-1</ServerTaskId>
  <ServerTaskItemId>0</ServerTaskItemId>
  <Role>Window</Role>
  <HasConnections>false</HasConnections>
</Element>