<?xml version="1.0" encoding="utf-8"?>
<Element xmlns:xsi="http://www.w3.org/2001/XMLSchema-instance" xmlns:xsd="http://www.w3.org/2001/XMLSchema" Name="4769" ShortName="Треугольник" Tag="4769">
  <ID ItemID="4769" TaskNumber="0" TypeHash="0" Path="" STType="" UIDType="Inner">
    <Owner ItemID="4769" TaskNumber="0" TypeHash="0" STType="" UIDType="Inner" />
  </ID>
  <UsedSTTypes>
    <string>HMI.ResourceType</string>
    <string>DINT</string>
    <string>LREAL</string>
    <string>HMI.BorderStyleType</string>
    <string>STRING</string>
    <string>HMI.SolidColorType</string>
    <string>HMI.GradientColorType</string>
    <string>BOOL</string>
    <string>HMI.TileType</string>
    <string>HMI.DockType</string>
    <string>HMI.HorizontalAlignType</string>
    <string>HMI.VerticalAlignType</string>
    <string>HMI.MouseCursorKinds</string>
    <string>HMI.SizeType</string>
    <string>HMI.ProportionType</string>
  </UsedSTTypes>
  <Parameters>
    <Parameter Name="Образ" ShortName="4699" Tag="4699" Role="SkinResource" Value="">
      <ID ItemID="4699" TaskNumber="0" TypeHash="4" Path="" STType="HMI.ResourceType" UIDType="Inner">
        <Owner ItemID="4769" TaskNumber="0" TypeHash="0" STType="" UIDType="Inner" />
      </ID>
      <Parent ItemID="4769" TaskNumber="0" TypeHash="0" Path="" STType="" UIDType="Inner">
        <Owner ItemID="4769" TaskNumber="0" TypeHash="0" STType="" UIDType="Inner" />
      </Parent>
      <IsValueFromTheme>false</IsValueFromTheme>
      <Connections />
      <IsDynamized>false</IsDynamized>
      <ContiniuosUpdate>false</ContiniuosUpdate>
    </Parameter>
    <Parameter Name="Порядок Z" ShortName="4700" Tag="4700" Role="Z" Value="">
      <ID ItemID="4700" TaskNumber="0" TypeHash="6" Path="" STType="DINT" UIDType="Inner">
        <Owner ItemID="4769" TaskNumber="0" TypeHash="0" STType="" UIDType="Inner" />
      </ID>
      <Parent ItemID="4769" TaskNumber="0" TypeHash="0" Path="" STType="" UIDType="Inner">
        <Owner ItemID="4769" TaskNumber="0" TypeHash="0" STType="" UIDType="Inner" />
      </Parent>
      <IsValueFromTheme>false</IsValueFromTheme>
      <Connections />
      <IsDynamized>false</IsDynamized>
      <ContiniuosUpdate>false</ContiniuosUpdate>
    </Parameter>
    <Parameter Name="Ширина" ShortName="4677" Tag="4677" Role="Width" Value="20">
      <ID ItemID="4677" TaskNumber="0" TypeHash="1" Path="" STType="LREAL" UIDType="Inner">
        <Owner ItemID="4769" TaskNumber="0" TypeHash="0" STType="" UIDType="Inner" />
      </ID>
      <Parent ItemID="4769" TaskNumber="0" TypeHash="0" Path="" STType="" UIDType="Inner">
        <Owner ItemID="4769" TaskNumber="0" TypeHash="0" STType="" UIDType="Inner" />
      </Parent>
      <IsValueFromTheme>false</IsValueFromTheme>
      <Connections />
      <IsDynamized>false</IsDynamized>
      <ContiniuosUpdate>false</ContiniuosUpdate>
    </Parameter>
    <Parameter Name="Высота" ShortName="4678" Tag="4678" Role="Height" Value="20">
      <ID ItemID="4678" TaskNumber="0" TypeHash="1" Path="" STType="LREAL" UIDType="Inner">
        <Owner ItemID="4769" TaskNumber="0" TypeHash="0" STType="" UIDType="Inner" />
      </ID>
      <Parent ItemID="4769" TaskNumber="0" TypeHash="0" Path="" STType="" UIDType="Inner">
        <Owner ItemID="4769" TaskNumber="0" TypeHash="0" STType="" UIDType="Inner" />
      </Parent>
      <IsValueFromTheme>false</IsValueFromTheme>
      <Connections />
      <IsDynamized>false</IsDynamized>
      <ContiniuosUpdate>false</ContiniuosUpdate>
    </Parameter>
    <Parameter Name="Масштаб Y" ShortName="4681" Tag="4681" Role="ScaleY" Value="1">
      <ID ItemID="4681" TaskNumber="0" TypeHash="1" Path="" STType="LREAL" UIDType="Inner">
        <Owner ItemID="4769" TaskNumber="0" TypeHash="0" STType="" UIDType="Inner" />
      </ID>
      <Parent ItemID="4769" TaskNumber="0" TypeHash="0" Path="" STType="" UIDType="Inner">
        <Owner ItemID="4769" TaskNumber="0" TypeHash="0" STType="" UIDType="Inner" />
      </Parent>
      <IsValueFromTheme>false</IsValueFromTheme>
      <Connections />
      <IsDynamized>false</IsDynamized>
      <ContiniuosUpdate>false</ContiniuosUpdate>
    </Parameter>
    <Parameter Name="Угол поворота" ShortName="4679" Tag="4679" Role="Angle" Value="0">
      <ID ItemID="4679" TaskNumber="0" TypeHash="1" Path="" STType="LREAL" UIDType="Inner">
        <Owner ItemID="4769" TaskNumber="0" TypeHash="0" STType="" UIDType="Inner" />
      </ID>
      <Parent ItemID="4769" TaskNumber="0" TypeHash="0" Path="" STType="" UIDType="Inner">
        <Owner ItemID="4769" TaskNumber="0" TypeHash="0" STType="" UIDType="Inner" />
      </Parent>
      <IsValueFromTheme>false</IsValueFromTheme>
      <Connections />
      <IsDynamized>false</IsDynamized>
      <ContiniuosUpdate>false</ContiniuosUpdate>
    </Parameter>
    <Parameter Name="Масштаб X" ShortName="4680" Tag="4680" Role="ScaleX" Value="1">
      <ID ItemID="4680" TaskNumber="0" TypeHash="1" Path="" STType="LREAL" UIDType="Inner">
        <Owner ItemID="4769" TaskNumber="0" TypeHash="0" STType="" UIDType="Inner" />
      </ID>
      <Parent ItemID="4769" TaskNumber="0" TypeHash="0" Path="" STType="" UIDType="Inner">
        <Owner ItemID="4769" TaskNumber="0" TypeHash="0" STType="" UIDType="Inner" />
      </Parent>
      <IsValueFromTheme>false</IsValueFromTheme>
      <Connections />
      <IsDynamized>false</IsDynamized>
      <ContiniuosUpdate>false</ContiniuosUpdate>
    </Parameter>
    <Parameter Name="Толщина линии" ShortName="4682" Tag="4682" Role="BorderThickness" Value="2">
      <ID ItemID="4682" TaskNumber="0" TypeHash="1" Path="" STType="LREAL" UIDType="Inner">
        <Owner ItemID="4769" TaskNumber="0" TypeHash="0" STType="" UIDType="Inner" />
      </ID>
      <Parent ItemID="4769" TaskNumber="0" TypeHash="0" Path="" STType="" UIDType="Inner">
        <Owner ItemID="4769" TaskNumber="0" TypeHash="0" STType="" UIDType="Inner" />
      </Parent>
      <IsValueFromTheme>false</IsValueFromTheme>
      <Connections />
      <IsDynamized>false</IsDynamized>
      <ContiniuosUpdate>false</ContiniuosUpdate>
    </Parameter>
    <Parameter Name="Стиль линии" ShortName="4696" Tag="4696" Role="BorderStyle" Value="0">
      <ID ItemID="4696" TaskNumber="0" TypeHash="5" Path="" STType="HMI.BorderStyleType" UIDType="Inner">
        <Owner ItemID="4769" TaskNumber="0" TypeHash="0" STType="" UIDType="Inner" />
      </ID>
      <Parent ItemID="4769" TaskNumber="0" TypeHash="0" Path="" STType="" UIDType="Inner">
        <Owner ItemID="4769" TaskNumber="0" TypeHash="0" STType="" UIDType="Inner" />
      </Parent>
      <IsValueFromTheme>false</IsValueFromTheme>
      <Connections />
      <IsDynamized>false</IsDynamized>
      <ContiniuosUpdate>false</ContiniuosUpdate>
    </Parameter>
    <Parameter Name="Всплывающая подсказка" ShortName="4692" Tag="4692" Role="ToolTip" Value="">
      <ID ItemID="4692" TaskNumber="0" TypeHash="4" Path="" STType="STRING" UIDType="Inner">
        <Owner ItemID="4769" TaskNumber="0" TypeHash="0" STType="" UIDType="Inner" />
      </ID>
      <Parent ItemID="4769" TaskNumber="0" TypeHash="0" Path="" STType="" UIDType="Inner">
        <Owner ItemID="4769" TaskNumber="0" TypeHash="0" STType="" UIDType="Inner" />
      </Parent>
      <IsValueFromTheme>false</IsValueFromTheme>
      <Connections />
      <IsDynamized>false</IsDynamized>
      <ContiniuosUpdate>false</ContiniuosUpdate>
    </Parameter>
    <Parameter Name="Цвет линии" ShortName="4687" Tag="4687" Role="BorderColor" Value="BLACK">
      <ID ItemID="4687" TaskNumber="0" TypeHash="4" Path="" STType="HMI.SolidColorType" UIDType="Inner">
        <Owner ItemID="4769" TaskNumber="0" TypeHash="0" STType="" UIDType="Inner" />
      </ID>
      <Parent ItemID="4769" TaskNumber="0" TypeHash="0" Path="" STType="" UIDType="Inner">
        <Owner ItemID="4769" TaskNumber="0" TypeHash="0" STType="" UIDType="Inner" />
      </Parent>
      <IsValueFromTheme>false</IsValueFromTheme>
      <Connections />
      <IsDynamized>false</IsDynamized>
      <ContiniuosUpdate>false</ContiniuosUpdate>
    </Parameter>
    <Parameter Name="Заливка фона" ShortName="4688" Tag="4688" Role="BackgroundColor" Value="TRANSPARENT">
      <ID ItemID="4688" TaskNumber="0" TypeHash="4" Path="" STType="HMI.GradientColorType" UIDType="Inner">
        <Owner ItemID="4769" TaskNumber="0" TypeHash="0" STType="" UIDType="Inner" />
      </ID>
      <Parent ItemID="4769" TaskNumber="0" TypeHash="0" Path="" STType="" UIDType="Inner">
        <Owner ItemID="4769" TaskNumber="0" TypeHash="0" STType="" UIDType="Inner" />
      </Parent>
      <IsValueFromTheme>false</IsValueFromTheme>
      <Connections />
      <IsDynamized>false</IsDynamized>
      <ContiniuosUpdate>false</ContiniuosUpdate>
    </Parameter>
    <Parameter Name="Прозрачность" ShortName="4683" Tag="4683" Role="Opacity" Value="100">
      <ID ItemID="4683" TaskNumber="0" TypeHash="1" Path="" STType="LREAL" UIDType="Inner">
        <Owner ItemID="4769" TaskNumber="0" TypeHash="0" STType="" UIDType="Inner" />
      </ID>
      <Parent ItemID="4769" TaskNumber="0" TypeHash="0" Path="" STType="" UIDType="Inner">
        <Owner ItemID="4769" TaskNumber="0" TypeHash="0" STType="" UIDType="Inner" />
      </Parent>
      <IsValueFromTheme>false</IsValueFromTheme>
      <Connections />
      <IsDynamized>false</IsDynamized>
      <ContiniuosUpdate>false</ContiniuosUpdate>
    </Parameter>
    <Parameter Name="Геометрия" ShortName="4684" Tag="4684" Role="BorderGeometry" Value="M0,0.5 L1,0 L1,1Z">
      <ID ItemID="4684" TaskNumber="0" TypeHash="4" Path="" STType="STRING" UIDType="Inner">
        <Owner ItemID="4769" TaskNumber="0" TypeHash="0" STType="" UIDType="Inner" />
      </ID>
      <Parent ItemID="4769" TaskNumber="0" TypeHash="0" Path="" STType="" UIDType="Inner">
        <Owner ItemID="4769" TaskNumber="0" TypeHash="0" STType="" UIDType="Inner" />
      </Parent>
      <IsValueFromTheme>false</IsValueFromTheme>
      <Connections />
      <IsDynamized>false</IsDynamized>
      <ContiniuosUpdate>false</ContiniuosUpdate>
    </Parameter>
    <Parameter Name="Мигание" ShortName="4686" Tag="4686" Role="Flash" Value="False">
      <ID ItemID="4686" TaskNumber="0" TypeHash="3" Path="" STType="BOOL" UIDType="Inner">
        <Owner ItemID="4769" TaskNumber="0" TypeHash="0" STType="" UIDType="Inner" />
      </ID>
      <Parent ItemID="4769" TaskNumber="0" TypeHash="0" Path="" STType="" UIDType="Inner">
        <Owner ItemID="4769" TaskNumber="0" TypeHash="0" STType="" UIDType="Inner" />
      </Parent>
      <IsValueFromTheme>false</IsValueFromTheme>
      <Connections />
      <IsDynamized>false</IsDynamized>
      <ContiniuosUpdate>false</ContiniuosUpdate>
    </Parameter>
    <Parameter Name="Размер тени" ShortName="4685" Tag="4685" Role="ShadowSize" Value="0">
      <ID ItemID="4685" TaskNumber="0" TypeHash="6" Path="" STType="DINT" UIDType="Inner">
        <Owner ItemID="4769" TaskNumber="0" TypeHash="0" STType="" UIDType="Inner" />
      </ID>
      <Parent ItemID="4769" TaskNumber="0" TypeHash="0" Path="" STType="" UIDType="Inner">
        <Owner ItemID="4769" TaskNumber="0" TypeHash="0" STType="" UIDType="Inner" />
      </Parent>
      <IsValueFromTheme>false</IsValueFromTheme>
      <Connections />
      <IsDynamized>false</IsDynamized>
      <ContiniuosUpdate>false</ContiniuosUpdate>
    </Parameter>
    <Parameter Name="Цвет тени" ShortName="4689" Tag="4689" Role="ShadowColor" Value="rgb(240,240,240)">
      <ID ItemID="4689" TaskNumber="0" TypeHash="4" Path="" STType="HMI.SolidColorType" UIDType="Inner">
        <Owner ItemID="4769" TaskNumber="0" TypeHash="0" STType="" UIDType="Inner" />
      </ID>
      <Parent ItemID="4769" TaskNumber="0" TypeHash="0" Path="" STType="" UIDType="Inner">
        <Owner ItemID="4769" TaskNumber="0" TypeHash="0" STType="" UIDType="Inner" />
      </Parent>
      <IsValueFromTheme>false</IsValueFromTheme>
      <Connections />
      <IsDynamized>false</IsDynamized>
      <ContiniuosUpdate>false</ContiniuosUpdate>
    </Parameter>
    <Parameter Name="Изображение фона" ShortName="4690" Tag="4690" Role="Resource" Value="">
      <ID ItemID="4690" TaskNumber="0" TypeHash="4" Path="" STType="HMI.ResourceType" UIDType="Inner">
        <Owner ItemID="4769" TaskNumber="0" TypeHash="0" STType="" UIDType="Inner" />
      </ID>
      <Parent ItemID="4769" TaskNumber="0" TypeHash="0" Path="" STType="" UIDType="Inner">
        <Owner ItemID="4769" TaskNumber="0" TypeHash="0" STType="" UIDType="Inner" />
      </Parent>
      <IsValueFromTheme>false</IsValueFromTheme>
      <Connections />
      <IsDynamized>false</IsDynamized>
      <ContiniuosUpdate>false</ContiniuosUpdate>
    </Parameter>
    <Parameter Name="Замостка фона" ShortName="4691" Tag="4691" Role="BackgroundTile" Value="2">
      <ID ItemID="4691" TaskNumber="0" TypeHash="5" Path="" STType="HMI.TileType" UIDType="Inner">
        <Owner ItemID="4769" TaskNumber="0" TypeHash="0" STType="" UIDType="Inner" />
      </ID>
      <Parent ItemID="4769" TaskNumber="0" TypeHash="0" Path="" STType="" UIDType="Inner">
        <Owner ItemID="4769" TaskNumber="0" TypeHash="0" STType="" UIDType="Inner" />
      </Parent>
      <IsValueFromTheme>false</IsValueFromTheme>
      <Connections />
      <IsDynamized>false</IsDynamized>
      <ContiniuosUpdate>false</ContiniuosUpdate>
    </Parameter>
    <Parameter Name="Видимость" ShortName="4693" Tag="4693" Role="IsVisible" Value="True">
      <ID ItemID="4693" TaskNumber="0" TypeHash="3" Path="" STType="BOOL" UIDType="Inner">
        <Owner ItemID="4769" TaskNumber="0" TypeHash="0" STType="" UIDType="Inner" />
      </ID>
      <Parent ItemID="4769" TaskNumber="0" TypeHash="0" Path="" STType="" UIDType="Inner">
        <Owner ItemID="4769" TaskNumber="0" TypeHash="0" STType="" UIDType="Inner" />
      </Parent>
      <IsValueFromTheme>false</IsValueFromTheme>
      <Connections />
      <IsDynamized>false</IsDynamized>
      <ContiniuosUpdate>false</ContiniuosUpdate>
    </Parameter>
    <Parameter Name="Активность" ShortName="4694" Tag="4694" Role="IsEnabled" Value="True">
      <ID ItemID="4694" TaskNumber="0" TypeHash="3" Path="" STType="BOOL" UIDType="Inner">
        <Owner ItemID="4769" TaskNumber="0" TypeHash="0" STType="" UIDType="Inner" />
      </ID>
      <Parent ItemID="4769" TaskNumber="0" TypeHash="0" Path="" STType="" UIDType="Inner">
        <Owner ItemID="4769" TaskNumber="0" TypeHash="0" STType="" UIDType="Inner" />
      </Parent>
      <IsValueFromTheme>false</IsValueFromTheme>
      <Connections />
      <IsDynamized>false</IsDynamized>
      <ContiniuosUpdate>false</ContiniuosUpdate>
    </Parameter>
    <Parameter Name="Клавиатурный индекс" ShortName="4695" Tag="4695" Role="TabIndex" Value="">
      <ID ItemID="4695" TaskNumber="0" TypeHash="6" Path="" STType="DINT" UIDType="Inner">
        <Owner ItemID="4769" TaskNumber="0" TypeHash="0" STType="" UIDType="Inner" />
      </ID>
      <Parent ItemID="4769" TaskNumber="0" TypeHash="0" Path="" STType="" UIDType="Inner">
        <Owner ItemID="4769" TaskNumber="0" TypeHash="0" STType="" UIDType="Inner" />
      </Parent>
      <IsValueFromTheme>false</IsValueFromTheme>
      <Connections />
      <IsDynamized>false</IsDynamized>
      <ContiniuosUpdate>false</ContiniuosUpdate>
    </Parameter>
    <Parameter Name="Координата X" ShortName="4697" Tag="4697" Role="X" Value="0">
      <ID ItemID="4697" TaskNumber="0" TypeHash="1" Path="" STType="LREAL" UIDType="Inner">
        <Owner ItemID="4769" TaskNumber="0" TypeHash="0" STType="" UIDType="Inner" />
      </ID>
      <Parent ItemID="4769" TaskNumber="0" TypeHash="0" Path="" STType="" UIDType="Inner">
        <Owner ItemID="4769" TaskNumber="0" TypeHash="0" STType="" UIDType="Inner" />
      </Parent>
      <IsValueFromTheme>false</IsValueFromTheme>
      <Connections />
      <IsDynamized>false</IsDynamized>
      <ContiniuosUpdate>false</ContiniuosUpdate>
    </Parameter>
    <Parameter Name="Координата Y" ShortName="4698" Tag="4698" Role="Y" Value="0">
      <ID ItemID="4698" TaskNumber="0" TypeHash="1" Path="" STType="LREAL" UIDType="Inner">
        <Owner ItemID="4769" TaskNumber="0" TypeHash="0" STType="" UIDType="Inner" />
      </ID>
      <Parent ItemID="4769" TaskNumber="0" TypeHash="0" Path="" STType="" UIDType="Inner">
        <Owner ItemID="4769" TaskNumber="0" TypeHash="0" STType="" UIDType="Inner" />
      </Parent>
      <IsValueFromTheme>false</IsValueFromTheme>
      <Connections />
      <IsDynamized>false</IsDynamized>
      <ContiniuosUpdate>false</ContiniuosUpdate>
    </Parameter>
    <Parameter Name="Положение" ShortName="4701" Tag="4701" Role="DockStyle" Value="3">
      <ID ItemID="4701" TaskNumber="0" TypeHash="5" Path="" STType="HMI.DockType" UIDType="Inner">
        <Owner ItemID="4769" TaskNumber="0" TypeHash="0" STType="" UIDType="Inner" />
      </ID>
      <Parent ItemID="4769" TaskNumber="0" TypeHash="0" Path="" STType="" UIDType="Inner">
        <Owner ItemID="4769" TaskNumber="0" TypeHash="0" STType="" UIDType="Inner" />
      </Parent>
      <IsValueFromTheme>false</IsValueFromTheme>
      <Connections />
      <IsDynamized>false</IsDynamized>
      <ContiniuosUpdate>false</ContiniuosUpdate>
    </Parameter>
    <Parameter Name="Горизонтальное выравнивание" ShortName="4702" Tag="4702" Role="HorizontalAlign" Value="1">
      <ID ItemID="4702" TaskNumber="0" TypeHash="5" Path="" STType="HMI.HorizontalAlignType" UIDType="Inner">
        <Owner ItemID="4769" TaskNumber="0" TypeHash="0" STType="" UIDType="Inner" />
      </ID>
      <Parent ItemID="4769" TaskNumber="0" TypeHash="0" Path="" STType="" UIDType="Inner">
        <Owner ItemID="4769" TaskNumber="0" TypeHash="0" STType="" UIDType="Inner" />
      </Parent>
      <IsValueFromTheme>false</IsValueFromTheme>
      <Connections />
      <IsDynamized>false</IsDynamized>
      <ContiniuosUpdate>false</ContiniuosUpdate>
    </Parameter>
    <Parameter Name="Вертикальное выравнивание" ShortName="4703" Tag="4703" Role="VerticalAlign" Value="1">
      <ID ItemID="4703" TaskNumber="0" TypeHash="5" Path="" STType="HMI.VerticalAlignType" UIDType="Inner">
        <Owner ItemID="4769" TaskNumber="0" TypeHash="0" STType="" UIDType="Inner" />
      </ID>
      <Parent ItemID="4769" TaskNumber="0" TypeHash="0" Path="" STType="" UIDType="Inner">
        <Owner ItemID="4769" TaskNumber="0" TypeHash="0" STType="" UIDType="Inner" />
      </Parent>
      <IsValueFromTheme>false</IsValueFromTheme>
      <Connections />
      <IsDynamized>false</IsDynamized>
      <ContiniuosUpdate>false</ContiniuosUpdate>
    </Parameter>
    <Parameter Name="Вид курсора" ShortName="4704" Tag="4704" Role="MouseCursorKind" Value="0">
      <ID ItemID="4704" TaskNumber="0" TypeHash="5" Path="" STType="HMI.MouseCursorKinds" UIDType="Inner">
        <Owner ItemID="4769" TaskNumber="0" TypeHash="0" STType="" UIDType="Inner" />
      </ID>
      <Parent ItemID="4769" TaskNumber="0" TypeHash="0" Path="" STType="" UIDType="Inner">
        <Owner ItemID="4769" TaskNumber="0" TypeHash="0" STType="" UIDType="Inner" />
      </Parent>
      <IsValueFromTheme>false</IsValueFromTheme>
      <Connections />
      <IsDynamized>false</IsDynamized>
      <ContiniuosUpdate>false</ContiniuosUpdate>
    </Parameter>
    <Parameter Name="XType" ShortName="XType" Tag="0" Role="XType" Value="1">
      <ID ItemID="4294967275" TaskNumber="0" TypeHash="5" Path="" STType="HMI.SizeType" UIDType="Inner" />
      <IsValueFromTheme>false</IsValueFromTheme>
      <IsDynamized>false</IsDynamized>
      <ContiniuosUpdate>false</ContiniuosUpdate>
    </Parameter>
    <Parameter Name="YType" ShortName="YType" Tag="0" Role="YType" Value="1">
      <ID ItemID="4294967274" TaskNumber="0" TypeHash="5" Path="" STType="HMI.SizeType" UIDType="Inner" />
      <IsValueFromTheme>false</IsValueFromTheme>
      <IsDynamized>false</IsDynamized>
      <ContiniuosUpdate>false</ContiniuosUpdate>
    </Parameter>
    <Parameter Name="ProportionType" ShortName="ProportionType" Tag="0" Role="ProportionType" Value="4">
      <ID ItemID="4294967273" TaskNumber="0" TypeHash="5" Path="" STType="HMI.ProportionType" UIDType="Inner" />
      <IsValueFromTheme>false</IsValueFromTheme>
      <IsDynamized>false</IsDynamized>
      <ContiniuosUpdate>false</ContiniuosUpdate>
    </Parameter>
    <Parameter Name="WidthType" ShortName="WidthType" Tag="0" Role="WidthType" Value="1">
      <ID ItemID="4294967272" TaskNumber="0" TypeHash="5" Path="" STType="HMI.SizeType" UIDType="Inner" />
      <IsValueFromTheme>false</IsValueFromTheme>
      <IsDynamized>false</IsDynamized>
      <ContiniuosUpdate>false</ContiniuosUpdate>
    </Parameter>
    <Parameter Name="HeightType" ShortName="HeightType" Tag="0" Role="HeightType" Value="1">
      <ID ItemID="4294967271" TaskNumber="0" TypeHash="5" Path="" STType="HMI.SizeType" UIDType="Inner" />
      <IsValueFromTheme>false</IsValueFromTheme>
      <IsDynamized>false</IsDynamized>
      <ContiniuosUpdate>false</ContiniuosUpdate>
    </Parameter>
  </Parameters>
  <ObjectId>0</ObjectId>
  <ServerTaskId>-1</ServerTaskId>
  <ServerTaskItemId>0</ServerTaskItemId>
  <Role>Geometry</Role>
  <HasConnections>false</HasConnections>
</Element>