<?xml version="1.0" encoding="utf-8"?>
<PersistProjectInfo xmlns:xsi="http://www.w3.org/2001/XMLSchema-instance" xmlns:xsd="http://www.w3.org/2001/XMLSchema">
  <ProjectId>0</ProjectId>
  <ProjectName>Проект 1</ProjectName>
  <TypeName>MasterSCADA.Project.HMI</TypeName>
  <ProjectConfiguration>MasterPLC</ProjectConfiguration>
  <StoreTypeName>FirebirdStore</StoreTypeName>
  <ProjectChange>2023-07-13T10:54:13.3431932+05:00</ProjectChange>
  <ProjectVersion>1537</ProjectVersion>
</PersistProjectInfo>