<?xml version="1.0" encoding="utf-8"?>
<Element xmlns:xsi="http://www.w3.org/2001/XMLSchema-instance" xmlns:xsd="http://www.w3.org/2001/XMLSchema" Name="10067" ShortName="ДатаВремя" Tag="10067">
  <ID ItemID="10067" TaskNumber="0" TypeHash="0" Path="" STType="" UIDType="Inner">
    <Owner ItemID="10067" TaskNumber="0" TypeHash="0" STType="" UIDType="Inner" />
  </ID>
  <UsedSTTypes>
    <string>HMI.ResourceType</string>
    <string>DINT</string>
    <string>LREAL</string>
    <string>HMI.SolidColorType</string>
    <string>HMI.GradientColorType</string>
    <string>HMI.BorderStyleType</string>
    <string>STRING</string>
    <string>BOOL</string>
    <string>HMI.TileType</string>
    <string>HMI.DockType</string>
    <string>HMI.HorizontalAlignType</string>
    <string>HMI.VerticalAlignType</string>
    <string>HMI.MouseCursorKinds</string>
    <string>DATE_AND_TIME</string>
    <string>HMI.DateTimeType_Full</string>
    <string>BYTE</string>
    <string>HMI.SizeType</string>
    <string>HMI.ProportionType</string>
  </UsedSTTypes>
  <Parameters>
    <Parameter Name="Образ" ShortName="9980" Tag="9980" Role="SkinResource" Value="">
      <ID ItemID="9980" TaskNumber="0" TypeHash="4" Path="" STType="HMI.ResourceType" UIDType="Inner">
        <Owner ItemID="10067" TaskNumber="0" TypeHash="0" STType="" UIDType="Inner" />
      </ID>
      <Parent ItemID="10067" TaskNumber="0" TypeHash="0" Path="" STType="" UIDType="Inner">
        <Owner ItemID="10067" TaskNumber="0" TypeHash="0" STType="" UIDType="Inner" />
      </Parent>
      <IsValueFromTheme>false</IsValueFromTheme>
      <Connections />
      <IsDynamized>false</IsDynamized>
      <ContiniuosUpdate>false</ContiniuosUpdate>
    </Parameter>
    <Parameter Name="Порядок Z" ShortName="9981" Tag="9981" Role="Z" Value="">
      <ID ItemID="9981" TaskNumber="0" TypeHash="6" Path="" STType="DINT" UIDType="Inner">
        <Owner ItemID="10067" TaskNumber="0" TypeHash="0" STType="" UIDType="Inner" />
      </ID>
      <Parent ItemID="10067" TaskNumber="0" TypeHash="0" Path="" STType="" UIDType="Inner">
        <Owner ItemID="10067" TaskNumber="0" TypeHash="0" STType="" UIDType="Inner" />
      </Parent>
      <IsValueFromTheme>false</IsValueFromTheme>
      <Connections />
      <IsDynamized>false</IsDynamized>
      <ContiniuosUpdate>false</ContiniuosUpdate>
    </Parameter>
    <Parameter Name="Ширина" ShortName="9946" Tag="9946" Role="Width" Value="100">
      <ID ItemID="9946" TaskNumber="0" TypeHash="1" Path="" STType="LREAL" UIDType="Inner">
        <Owner ItemID="10067" TaskNumber="0" TypeHash="0" STType="" UIDType="Inner" />
      </ID>
      <Parent ItemID="10067" TaskNumber="0" TypeHash="0" Path="" STType="" UIDType="Inner">
        <Owner ItemID="10067" TaskNumber="0" TypeHash="0" STType="" UIDType="Inner" />
      </Parent>
      <IsValueFromTheme>false</IsValueFromTheme>
      <Connections />
      <IsDynamized>false</IsDynamized>
      <ContiniuosUpdate>false</ContiniuosUpdate>
    </Parameter>
    <Parameter Name="Высота" ShortName="9947" Tag="9947" Role="Height" Value="20">
      <ID ItemID="9947" TaskNumber="0" TypeHash="1" Path="" STType="LREAL" UIDType="Inner">
        <Owner ItemID="10067" TaskNumber="0" TypeHash="0" STType="" UIDType="Inner" />
      </ID>
      <Parent ItemID="10067" TaskNumber="0" TypeHash="0" Path="" STType="" UIDType="Inner">
        <Owner ItemID="10067" TaskNumber="0" TypeHash="0" STType="" UIDType="Inner" />
      </Parent>
      <IsValueFromTheme>false</IsValueFromTheme>
      <Connections />
      <IsDynamized>false</IsDynamized>
      <ContiniuosUpdate>false</ContiniuosUpdate>
    </Parameter>
    <Parameter Name="Угол поворота" ShortName="9948" Tag="9948" Role="Angle" Value="0">
      <ID ItemID="9948" TaskNumber="0" TypeHash="1" Path="" STType="LREAL" UIDType="Inner">
        <Owner ItemID="10067" TaskNumber="0" TypeHash="0" STType="" UIDType="Inner" />
      </ID>
      <Parent ItemID="10067" TaskNumber="0" TypeHash="0" Path="" STType="" UIDType="Inner">
        <Owner ItemID="10067" TaskNumber="0" TypeHash="0" STType="" UIDType="Inner" />
      </Parent>
      <IsValueFromTheme>false</IsValueFromTheme>
      <Connections />
      <IsDynamized>false</IsDynamized>
      <ContiniuosUpdate>false</ContiniuosUpdate>
    </Parameter>
    <Parameter Name="Масштаб X" ShortName="9949" Tag="9949" Role="ScaleX" Value="1">
      <ID ItemID="9949" TaskNumber="0" TypeHash="1" Path="" STType="LREAL" UIDType="Inner">
        <Owner ItemID="10067" TaskNumber="0" TypeHash="0" STType="" UIDType="Inner" />
      </ID>
      <Parent ItemID="10067" TaskNumber="0" TypeHash="0" Path="" STType="" UIDType="Inner">
        <Owner ItemID="10067" TaskNumber="0" TypeHash="0" STType="" UIDType="Inner" />
      </Parent>
      <IsValueFromTheme>false</IsValueFromTheme>
      <Connections />
      <IsDynamized>false</IsDynamized>
      <ContiniuosUpdate>false</ContiniuosUpdate>
    </Parameter>
    <Parameter Name="Масштаб Y" ShortName="9950" Tag="9950" Role="ScaleY" Value="1">
      <ID ItemID="9950" TaskNumber="0" TypeHash="1" Path="" STType="LREAL" UIDType="Inner">
        <Owner ItemID="10067" TaskNumber="0" TypeHash="0" STType="" UIDType="Inner" />
      </ID>
      <Parent ItemID="10067" TaskNumber="0" TypeHash="0" Path="" STType="" UIDType="Inner">
        <Owner ItemID="10067" TaskNumber="0" TypeHash="0" STType="" UIDType="Inner" />
      </Parent>
      <IsValueFromTheme>false</IsValueFromTheme>
      <Connections />
      <IsDynamized>false</IsDynamized>
      <ContiniuosUpdate>false</ContiniuosUpdate>
    </Parameter>
    <Parameter Name="Толщина рамки" ShortName="9951" Tag="9951" Role="BorderThickness" Value="1">
      <ID ItemID="9951" TaskNumber="0" TypeHash="1" Path="" STType="LREAL" UIDType="Inner">
        <Owner ItemID="10067" TaskNumber="0" TypeHash="0" STType="" UIDType="Inner" />
      </ID>
      <Parent ItemID="10067" TaskNumber="0" TypeHash="0" Path="" STType="" UIDType="Inner">
        <Owner ItemID="10067" TaskNumber="0" TypeHash="0" STType="" UIDType="Inner" />
      </Parent>
      <IsValueFromTheme>false</IsValueFromTheme>
      <Connections />
      <IsDynamized>false</IsDynamized>
      <ContiniuosUpdate>false</ContiniuosUpdate>
    </Parameter>
    <Parameter Name="Цвет рамки" ShortName="9952" Tag="9952" Role="BorderColor" Value="GRAY">
      <ID ItemID="9952" TaskNumber="0" TypeHash="4" Path="" STType="HMI.SolidColorType" UIDType="Inner">
        <Owner ItemID="10067" TaskNumber="0" TypeHash="0" STType="" UIDType="Inner" />
      </ID>
      <Parent ItemID="10067" TaskNumber="0" TypeHash="0" Path="" STType="" UIDType="Inner">
        <Owner ItemID="10067" TaskNumber="0" TypeHash="0" STType="" UIDType="Inner" />
      </Parent>
      <IsValueFromTheme>false</IsValueFromTheme>
      <Connections />
      <IsDynamized>false</IsDynamized>
      <ContiniuosUpdate>false</ContiniuosUpdate>
    </Parameter>
    <Parameter Name="Заливка фона" ShortName="9953" Tag="9953" Role="BackgroundColor" Value="rgb(208,208,208)">
      <ID ItemID="9953" TaskNumber="0" TypeHash="4" Path="" STType="HMI.GradientColorType" UIDType="Inner">
        <Owner ItemID="10067" TaskNumber="0" TypeHash="0" STType="" UIDType="Inner" />
      </ID>
      <Parent ItemID="10067" TaskNumber="0" TypeHash="0" Path="" STType="" UIDType="Inner">
        <Owner ItemID="10067" TaskNumber="0" TypeHash="0" STType="" UIDType="Inner" />
      </Parent>
      <IsValueFromTheme>false</IsValueFromTheme>
      <Connections />
      <IsDynamized>false</IsDynamized>
      <ContiniuosUpdate>false</ContiniuosUpdate>
    </Parameter>
    <Parameter Name="Прозрачность" ShortName="9954" Tag="9954" Role="Opacity" Value="100">
      <ID ItemID="9954" TaskNumber="0" TypeHash="1" Path="" STType="LREAL" UIDType="Inner">
        <Owner ItemID="10067" TaskNumber="0" TypeHash="0" STType="" UIDType="Inner" />
      </ID>
      <Parent ItemID="10067" TaskNumber="0" TypeHash="0" Path="" STType="" UIDType="Inner">
        <Owner ItemID="10067" TaskNumber="0" TypeHash="0" STType="" UIDType="Inner" />
      </Parent>
      <IsValueFromTheme>false</IsValueFromTheme>
      <Connections />
      <IsDynamized>false</IsDynamized>
      <ContiniuosUpdate>false</ContiniuosUpdate>
    </Parameter>
    <Parameter Name="Стиль рамки" ShortName="9965" Tag="9965" Role="BorderStyle" Value="0">
      <ID ItemID="9965" TaskNumber="0" TypeHash="5" Path="" STType="HMI.BorderStyleType" UIDType="Inner">
        <Owner ItemID="10067" TaskNumber="0" TypeHash="0" STType="" UIDType="Inner" />
      </ID>
      <Parent ItemID="10067" TaskNumber="0" TypeHash="0" Path="" STType="" UIDType="Inner">
        <Owner ItemID="10067" TaskNumber="0" TypeHash="0" STType="" UIDType="Inner" />
      </Parent>
      <IsValueFromTheme>false</IsValueFromTheme>
      <Connections />
      <IsDynamized>false</IsDynamized>
      <ContiniuosUpdate>false</ContiniuosUpdate>
    </Parameter>
    <Parameter Name="Всплывающая подсказка" ShortName="9955" Tag="9955" Role="ToolTip" Value="">
      <ID ItemID="9955" TaskNumber="0" TypeHash="4" Path="" STType="STRING" UIDType="Inner">
        <Owner ItemID="10067" TaskNumber="0" TypeHash="0" STType="" UIDType="Inner" />
      </ID>
      <Parent ItemID="10067" TaskNumber="0" TypeHash="0" Path="" STType="" UIDType="Inner">
        <Owner ItemID="10067" TaskNumber="0" TypeHash="0" STType="" UIDType="Inner" />
      </Parent>
      <IsValueFromTheme>false</IsValueFromTheme>
      <Connections />
      <IsDynamized>false</IsDynamized>
      <ContiniuosUpdate>false</ContiniuosUpdate>
    </Parameter>
    <Parameter Name="Мигание" ShortName="9956" Tag="9956" Role="Flash" Value="False">
      <ID ItemID="9956" TaskNumber="0" TypeHash="3" Path="" STType="BOOL" UIDType="Inner">
        <Owner ItemID="10067" TaskNumber="0" TypeHash="0" STType="" UIDType="Inner" />
      </ID>
      <Parent ItemID="10067" TaskNumber="0" TypeHash="0" Path="" STType="" UIDType="Inner">
        <Owner ItemID="10067" TaskNumber="0" TypeHash="0" STType="" UIDType="Inner" />
      </Parent>
      <IsValueFromTheme>false</IsValueFromTheme>
      <Connections />
      <IsDynamized>false</IsDynamized>
      <ContiniuosUpdate>false</ContiniuosUpdate>
    </Parameter>
    <Parameter Name="Размер тени" ShortName="9957" Tag="9957" Role="ShadowSize" Value="0">
      <ID ItemID="9957" TaskNumber="0" TypeHash="6" Path="" STType="DINT" UIDType="Inner">
        <Owner ItemID="10067" TaskNumber="0" TypeHash="0" STType="" UIDType="Inner" />
      </ID>
      <Parent ItemID="10067" TaskNumber="0" TypeHash="0" Path="" STType="" UIDType="Inner">
        <Owner ItemID="10067" TaskNumber="0" TypeHash="0" STType="" UIDType="Inner" />
      </Parent>
      <IsValueFromTheme>false</IsValueFromTheme>
      <Connections />
      <IsDynamized>false</IsDynamized>
      <ContiniuosUpdate>false</ContiniuosUpdate>
    </Parameter>
    <Parameter Name="Цвет тени" ShortName="9958" Tag="9958" Role="ShadowColor" Value="rgb(240,240,240)">
      <ID ItemID="9958" TaskNumber="0" TypeHash="4" Path="" STType="HMI.SolidColorType" UIDType="Inner">
        <Owner ItemID="10067" TaskNumber="0" TypeHash="0" STType="" UIDType="Inner" />
      </ID>
      <Parent ItemID="10067" TaskNumber="0" TypeHash="0" Path="" STType="" UIDType="Inner">
        <Owner ItemID="10067" TaskNumber="0" TypeHash="0" STType="" UIDType="Inner" />
      </Parent>
      <IsValueFromTheme>false</IsValueFromTheme>
      <Connections />
      <IsDynamized>false</IsDynamized>
      <ContiniuosUpdate>false</ContiniuosUpdate>
    </Parameter>
    <Parameter Name="Изображение фона" ShortName="9960" Tag="9960" Role="Resource" Value="">
      <ID ItemID="9960" TaskNumber="0" TypeHash="4" Path="" STType="HMI.ResourceType" UIDType="Inner">
        <Owner ItemID="10067" TaskNumber="0" TypeHash="0" STType="" UIDType="Inner" />
      </ID>
      <Parent ItemID="10067" TaskNumber="0" TypeHash="0" Path="" STType="" UIDType="Inner">
        <Owner ItemID="10067" TaskNumber="0" TypeHash="0" STType="" UIDType="Inner" />
      </Parent>
      <IsValueFromTheme>false</IsValueFromTheme>
      <Connections />
      <IsDynamized>false</IsDynamized>
      <ContiniuosUpdate>false</ContiniuosUpdate>
    </Parameter>
    <Parameter Name="Замостка фона" ShortName="9961" Tag="9961" Role="BackgroundTile" Value="2">
      <ID ItemID="9961" TaskNumber="0" TypeHash="5" Path="" STType="HMI.TileType" UIDType="Inner">
        <Owner ItemID="10067" TaskNumber="0" TypeHash="0" STType="" UIDType="Inner" />
      </ID>
      <Parent ItemID="10067" TaskNumber="0" TypeHash="0" Path="" STType="" UIDType="Inner">
        <Owner ItemID="10067" TaskNumber="0" TypeHash="0" STType="" UIDType="Inner" />
      </Parent>
      <IsValueFromTheme>false</IsValueFromTheme>
      <Connections />
      <IsDynamized>false</IsDynamized>
      <ContiniuosUpdate>false</ContiniuosUpdate>
    </Parameter>
    <Parameter Name="Видимость" ShortName="9962" Tag="9962" Role="IsVisible" Value="True">
      <ID ItemID="9962" TaskNumber="0" TypeHash="3" Path="" STType="BOOL" UIDType="Inner">
        <Owner ItemID="10067" TaskNumber="0" TypeHash="0" STType="" UIDType="Inner" />
      </ID>
      <Parent ItemID="10067" TaskNumber="0" TypeHash="0" Path="" STType="" UIDType="Inner">
        <Owner ItemID="10067" TaskNumber="0" TypeHash="0" STType="" UIDType="Inner" />
      </Parent>
      <IsValueFromTheme>false</IsValueFromTheme>
      <Connections />
      <IsDynamized>false</IsDynamized>
      <ContiniuosUpdate>false</ContiniuosUpdate>
    </Parameter>
    <Parameter Name="Активность" ShortName="9963" Tag="9963" Role="IsEnabled" Value="True">
      <ID ItemID="9963" TaskNumber="0" TypeHash="3" Path="" STType="BOOL" UIDType="Inner">
        <Owner ItemID="10067" TaskNumber="0" TypeHash="0" STType="" UIDType="Inner" />
      </ID>
      <Parent ItemID="10067" TaskNumber="0" TypeHash="0" Path="" STType="" UIDType="Inner">
        <Owner ItemID="10067" TaskNumber="0" TypeHash="0" STType="" UIDType="Inner" />
      </Parent>
      <IsValueFromTheme>false</IsValueFromTheme>
      <Connections />
      <IsDynamized>false</IsDynamized>
      <ContiniuosUpdate>false</ContiniuosUpdate>
    </Parameter>
    <Parameter Name="Клавиатурный индекс" ShortName="9964" Tag="9964" Role="TabIndex" Value="">
      <ID ItemID="9964" TaskNumber="0" TypeHash="6" Path="" STType="DINT" UIDType="Inner">
        <Owner ItemID="10067" TaskNumber="0" TypeHash="0" STType="" UIDType="Inner" />
      </ID>
      <Parent ItemID="10067" TaskNumber="0" TypeHash="0" Path="" STType="" UIDType="Inner">
        <Owner ItemID="10067" TaskNumber="0" TypeHash="0" STType="" UIDType="Inner" />
      </Parent>
      <IsValueFromTheme>false</IsValueFromTheme>
      <Connections />
      <IsDynamized>false</IsDynamized>
      <ContiniuosUpdate>false</ContiniuosUpdate>
    </Parameter>
    <Parameter Name="Координата X" ShortName="9970" Tag="9970" Role="X" Value="0">
      <ID ItemID="9970" TaskNumber="0" TypeHash="1" Path="" STType="LREAL" UIDType="Inner">
        <Owner ItemID="10067" TaskNumber="0" TypeHash="0" STType="" UIDType="Inner" />
      </ID>
      <Parent ItemID="10067" TaskNumber="0" TypeHash="0" Path="" STType="" UIDType="Inner">
        <Owner ItemID="10067" TaskNumber="0" TypeHash="0" STType="" UIDType="Inner" />
      </Parent>
      <IsValueFromTheme>false</IsValueFromTheme>
      <Connections />
      <IsDynamized>false</IsDynamized>
      <ContiniuosUpdate>false</ContiniuosUpdate>
    </Parameter>
    <Parameter Name="Координата Y" ShortName="9971" Tag="9971" Role="Y" Value="0">
      <ID ItemID="9971" TaskNumber="0" TypeHash="1" Path="" STType="LREAL" UIDType="Inner">
        <Owner ItemID="10067" TaskNumber="0" TypeHash="0" STType="" UIDType="Inner" />
      </ID>
      <Parent ItemID="10067" TaskNumber="0" TypeHash="0" Path="" STType="" UIDType="Inner">
        <Owner ItemID="10067" TaskNumber="0" TypeHash="0" STType="" UIDType="Inner" />
      </Parent>
      <IsValueFromTheme>false</IsValueFromTheme>
      <Connections />
      <IsDynamized>false</IsDynamized>
      <ContiniuosUpdate>false</ContiniuosUpdate>
    </Parameter>
    <Parameter Name="Положение" ShortName="9982" Tag="9982" Role="DockStyle" Value="3">
      <ID ItemID="9982" TaskNumber="0" TypeHash="5" Path="" STType="HMI.DockType" UIDType="Inner">
        <Owner ItemID="10067" TaskNumber="0" TypeHash="0" STType="" UIDType="Inner" />
      </ID>
      <Parent ItemID="10067" TaskNumber="0" TypeHash="0" Path="" STType="" UIDType="Inner">
        <Owner ItemID="10067" TaskNumber="0" TypeHash="0" STType="" UIDType="Inner" />
      </Parent>
      <IsValueFromTheme>false</IsValueFromTheme>
      <Connections />
      <IsDynamized>false</IsDynamized>
      <ContiniuosUpdate>false</ContiniuosUpdate>
    </Parameter>
    <Parameter Name="Горизонтальное выравнивание" ShortName="9983" Tag="9983" Role="HorizontalAlign" Value="1">
      <ID ItemID="9983" TaskNumber="0" TypeHash="5" Path="" STType="HMI.HorizontalAlignType" UIDType="Inner">
        <Owner ItemID="10067" TaskNumber="0" TypeHash="0" STType="" UIDType="Inner" />
      </ID>
      <Parent ItemID="10067" TaskNumber="0" TypeHash="0" Path="" STType="" UIDType="Inner">
        <Owner ItemID="10067" TaskNumber="0" TypeHash="0" STType="" UIDType="Inner" />
      </Parent>
      <IsValueFromTheme>false</IsValueFromTheme>
      <Connections />
      <IsDynamized>false</IsDynamized>
      <ContiniuosUpdate>false</ContiniuosUpdate>
    </Parameter>
    <Parameter Name="Вертикальное выравнивание" ShortName="9984" Tag="9984" Role="VerticalAlign" Value="1">
      <ID ItemID="9984" TaskNumber="0" TypeHash="5" Path="" STType="HMI.VerticalAlignType" UIDType="Inner">
        <Owner ItemID="10067" TaskNumber="0" TypeHash="0" STType="" UIDType="Inner" />
      </ID>
      <Parent ItemID="10067" TaskNumber="0" TypeHash="0" Path="" STType="" UIDType="Inner">
        <Owner ItemID="10067" TaskNumber="0" TypeHash="0" STType="" UIDType="Inner" />
      </Parent>
      <IsValueFromTheme>false</IsValueFromTheme>
      <Connections />
      <IsDynamized>false</IsDynamized>
      <ContiniuosUpdate>false</ContiniuosUpdate>
    </Parameter>
    <Parameter Name="Вид курсора" ShortName="9985" Tag="9985" Role="MouseCursorKind" Value="0">
      <ID ItemID="9985" TaskNumber="0" TypeHash="5" Path="" STType="HMI.MouseCursorKinds" UIDType="Inner">
        <Owner ItemID="10067" TaskNumber="0" TypeHash="0" STType="" UIDType="Inner" />
      </ID>
      <Parent ItemID="10067" TaskNumber="0" TypeHash="0" Path="" STType="" UIDType="Inner">
        <Owner ItemID="10067" TaskNumber="0" TypeHash="0" STType="" UIDType="Inner" />
      </Parent>
      <IsValueFromTheme>false</IsValueFromTheme>
      <Connections />
      <IsDynamized>false</IsDynamized>
      <ContiniuosUpdate>false</ContiniuosUpdate>
    </Parameter>
    <Parameter Name="Радиус скругления" ShortName="9945" Tag="9945" Role="CornerRadius" Value="0">
      <ID ItemID="9945" TaskNumber="0" TypeHash="1" Path="" STType="LREAL" UIDType="Inner">
        <Owner ItemID="10067" TaskNumber="0" TypeHash="0" STType="" UIDType="Inner" />
      </ID>
      <Parent ItemID="10067" TaskNumber="0" TypeHash="0" Path="" STType="" UIDType="Inner">
        <Owner ItemID="10067" TaskNumber="0" TypeHash="0" STType="" UIDType="Inner" />
      </Parent>
      <IsValueFromTheme>false</IsValueFromTheme>
      <Connections />
      <IsDynamized>false</IsDynamized>
      <ContiniuosUpdate>false</ContiniuosUpdate>
    </Parameter>
    <Parameter Name="Значение" ShortName="9959" Tag="9959" Role="DateTime" Value="0">
      <ID ItemID="9959" TaskNumber="0" TypeHash="2" Path="" STType="DATE_AND_TIME" UIDType="Inner">
        <Owner ItemID="10067" TaskNumber="0" TypeHash="0" STType="" UIDType="Inner" />
      </ID>
      <Parent ItemID="10067" TaskNumber="0" TypeHash="0" Path="" STType="" UIDType="Inner">
        <Owner ItemID="10067" TaskNumber="0" TypeHash="0" STType="" UIDType="Inner" />
      </Parent>
      <IsValueFromTheme>false</IsValueFromTheme>
      <Connections />
      <IsDynamized>false</IsDynamized>
      <ContiniuosUpdate>false</ContiniuosUpdate>
    </Parameter>
    <Parameter Name="Тип" ShortName="9966" Tag="9966" Role="DateTimeType" Value="1">
      <ID ItemID="9966" TaskNumber="0" TypeHash="5" Path="" STType="HMI.DateTimeType_Full" UIDType="Inner">
        <Owner ItemID="10067" TaskNumber="0" TypeHash="0" STType="" UIDType="Inner" />
      </ID>
      <Parent ItemID="10067" TaskNumber="0" TypeHash="0" Path="" STType="" UIDType="Inner">
        <Owner ItemID="10067" TaskNumber="0" TypeHash="0" STType="" UIDType="Inner" />
      </Parent>
      <IsValueFromTheme>false</IsValueFromTheme>
      <Connections />
      <IsDynamized>false</IsDynamized>
      <ContiniuosUpdate>false</ContiniuosUpdate>
    </Parameter>
    <Parameter Name="Формат времени" ShortName="9967" Tag="9967" Role="TimeFormat" Value="HH:mm:ss.fff">
      <ID ItemID="9967" TaskNumber="0" TypeHash="4" Path="" STType="STRING" UIDType="Inner">
        <Owner ItemID="10067" TaskNumber="0" TypeHash="0" STType="" UIDType="Inner" />
      </ID>
      <Parent ItemID="10067" TaskNumber="0" TypeHash="0" Path="" STType="" UIDType="Inner">
        <Owner ItemID="10067" TaskNumber="0" TypeHash="0" STType="" UIDType="Inner" />
      </Parent>
      <IsValueFromTheme>false</IsValueFromTheme>
      <Connections />
      <IsDynamized>false</IsDynamized>
      <ContiniuosUpdate>false</ContiniuosUpdate>
    </Parameter>
    <Parameter Name="Формат даты" ShortName="9968" Tag="9968" Role="DateFormat" Value="dd-MM-yyyy">
      <ID ItemID="9968" TaskNumber="0" TypeHash="4" Path="" STType="STRING" UIDType="Inner">
        <Owner ItemID="10067" TaskNumber="0" TypeHash="0" STType="" UIDType="Inner" />
      </ID>
      <Parent ItemID="10067" TaskNumber="0" TypeHash="0" Path="" STType="" UIDType="Inner">
        <Owner ItemID="10067" TaskNumber="0" TypeHash="0" STType="" UIDType="Inner" />
      </Parent>
      <IsValueFromTheme>false</IsValueFromTheme>
      <Connections />
      <IsDynamized>false</IsDynamized>
      <ContiniuosUpdate>false</ContiniuosUpdate>
    </Parameter>
    <Parameter Name="Только чтение" ShortName="9969" Tag="9969" Role="IsReadonly" Value="False">
      <ID ItemID="9969" TaskNumber="0" TypeHash="3" Path="" STType="BOOL" UIDType="Inner">
        <Owner ItemID="10067" TaskNumber="0" TypeHash="0" STType="" UIDType="Inner" />
      </ID>
      <Parent ItemID="10067" TaskNumber="0" TypeHash="0" Path="" STType="" UIDType="Inner">
        <Owner ItemID="10067" TaskNumber="0" TypeHash="0" STType="" UIDType="Inner" />
      </Parent>
      <IsValueFromTheme>false</IsValueFromTheme>
      <Connections />
      <IsDynamized>false</IsDynamized>
      <ContiniuosUpdate>false</ContiniuosUpdate>
    </Parameter>
    <Parameter Name="Шрифт" ShortName="9972" Tag="9972" Role="FontName" Value="Tahoma">
      <ID ItemID="9972" TaskNumber="0" TypeHash="4" Path="" STType="STRING" UIDType="Inner">
        <Owner ItemID="10067" TaskNumber="0" TypeHash="0" STType="" UIDType="Inner" />
      </ID>
      <Parent ItemID="10067" TaskNumber="0" TypeHash="0" Path="" STType="" UIDType="Inner">
        <Owner ItemID="10067" TaskNumber="0" TypeHash="0" STType="" UIDType="Inner" />
      </Parent>
      <IsValueFromTheme>false</IsValueFromTheme>
      <Connections />
      <IsDynamized>false</IsDynamized>
      <ContiniuosUpdate>false</ContiniuosUpdate>
    </Parameter>
    <Parameter Name="Размер текста" ShortName="9973" Tag="9973" Role="FontSize" Value="12">
      <ID ItemID="9973" TaskNumber="0" TypeHash="6" Path="" STType="BYTE" UIDType="Inner">
        <Owner ItemID="10067" TaskNumber="0" TypeHash="0" STType="" UIDType="Inner" />
      </ID>
      <Parent ItemID="10067" TaskNumber="0" TypeHash="0" Path="" STType="" UIDType="Inner">
        <Owner ItemID="10067" TaskNumber="0" TypeHash="0" STType="" UIDType="Inner" />
      </Parent>
      <IsValueFromTheme>false</IsValueFromTheme>
      <Connections />
      <IsDynamized>false</IsDynamized>
      <ContiniuosUpdate>false</ContiniuosUpdate>
    </Parameter>
    <Parameter Name="Горизонтальное выравнивание текста" ShortName="9974" Tag="9974" Role="TextHorizontalAlign" Value="1">
      <ID ItemID="9974" TaskNumber="0" TypeHash="5" Path="" STType="HMI.HorizontalAlignType" UIDType="Inner">
        <Owner ItemID="10067" TaskNumber="0" TypeHash="0" STType="" UIDType="Inner" />
      </ID>
      <Parent ItemID="10067" TaskNumber="0" TypeHash="0" Path="" STType="" UIDType="Inner">
        <Owner ItemID="10067" TaskNumber="0" TypeHash="0" STType="" UIDType="Inner" />
      </Parent>
      <IsValueFromTheme>false</IsValueFromTheme>
      <Connections />
      <IsDynamized>false</IsDynamized>
      <ContiniuosUpdate>false</ContiniuosUpdate>
    </Parameter>
    <Parameter Name="Курсив" ShortName="9975" Tag="9975" Role="FontItalic" Value="False">
      <ID ItemID="9975" TaskNumber="0" TypeHash="3" Path="" STType="BOOL" UIDType="Inner">
        <Owner ItemID="10067" TaskNumber="0" TypeHash="0" STType="" UIDType="Inner" />
      </ID>
      <Parent ItemID="10067" TaskNumber="0" TypeHash="0" Path="" STType="" UIDType="Inner">
        <Owner ItemID="10067" TaskNumber="0" TypeHash="0" STType="" UIDType="Inner" />
      </Parent>
      <IsValueFromTheme>false</IsValueFromTheme>
      <Connections />
      <IsDynamized>false</IsDynamized>
      <ContiniuosUpdate>false</ContiniuosUpdate>
    </Parameter>
    <Parameter Name="Жирный" ShortName="9976" Tag="9976" Role="FontBold" Value="False">
      <ID ItemID="9976" TaskNumber="0" TypeHash="3" Path="" STType="BOOL" UIDType="Inner">
        <Owner ItemID="10067" TaskNumber="0" TypeHash="0" STType="" UIDType="Inner" />
      </ID>
      <Parent ItemID="10067" TaskNumber="0" TypeHash="0" Path="" STType="" UIDType="Inner">
        <Owner ItemID="10067" TaskNumber="0" TypeHash="0" STType="" UIDType="Inner" />
      </Parent>
      <IsValueFromTheme>false</IsValueFromTheme>
      <Connections />
      <IsDynamized>false</IsDynamized>
      <ContiniuosUpdate>false</ContiniuosUpdate>
    </Parameter>
    <Parameter Name="Многострочность" ShortName="9977" Tag="9977" Role="FontMultiline" Value="False">
      <ID ItemID="9977" TaskNumber="0" TypeHash="3" Path="" STType="BOOL" UIDType="Inner">
        <Owner ItemID="10067" TaskNumber="0" TypeHash="0" STType="" UIDType="Inner" />
      </ID>
      <Parent ItemID="10067" TaskNumber="0" TypeHash="0" Path="" STType="" UIDType="Inner">
        <Owner ItemID="10067" TaskNumber="0" TypeHash="0" STType="" UIDType="Inner" />
      </Parent>
      <IsValueFromTheme>false</IsValueFromTheme>
      <Connections />
      <IsDynamized>false</IsDynamized>
      <ContiniuosUpdate>false</ContiniuosUpdate>
    </Parameter>
    <Parameter Name="Подчеркнутый" ShortName="9978" Tag="9978" Role="FontUnderlined" Value="False">
      <ID ItemID="9978" TaskNumber="0" TypeHash="3" Path="" STType="BOOL" UIDType="Inner">
        <Owner ItemID="10067" TaskNumber="0" TypeHash="0" STType="" UIDType="Inner" />
      </ID>
      <Parent ItemID="10067" TaskNumber="0" TypeHash="0" Path="" STType="" UIDType="Inner">
        <Owner ItemID="10067" TaskNumber="0" TypeHash="0" STType="" UIDType="Inner" />
      </Parent>
      <IsValueFromTheme>false</IsValueFromTheme>
      <Connections />
      <IsDynamized>false</IsDynamized>
      <ContiniuosUpdate>false</ContiniuosUpdate>
    </Parameter>
    <Parameter Name="Цвет текста" ShortName="9979" Tag="9979" Role="TextColor" Value="BLACK">
      <ID ItemID="9979" TaskNumber="0" TypeHash="4" Path="" STType="HMI.SolidColorType" UIDType="Inner">
        <Owner ItemID="10067" TaskNumber="0" TypeHash="0" STType="" UIDType="Inner" />
      </ID>
      <Parent ItemID="10067" TaskNumber="0" TypeHash="0" Path="" STType="" UIDType="Inner">
        <Owner ItemID="10067" TaskNumber="0" TypeHash="0" STType="" UIDType="Inner" />
      </Parent>
      <IsValueFromTheme>false</IsValueFromTheme>
      <Connections />
      <IsDynamized>false</IsDynamized>
      <ContiniuosUpdate>false</ContiniuosUpdate>
    </Parameter>
    <Parameter Name="XType" ShortName="XType" Tag="0" Role="XType" Value="1">
      <ID ItemID="4294967290" TaskNumber="0" TypeHash="5" Path="" STType="HMI.SizeType" UIDType="Inner" />
      <IsValueFromTheme>false</IsValueFromTheme>
      <IsDynamized>false</IsDynamized>
      <ContiniuosUpdate>false</ContiniuosUpdate>
    </Parameter>
    <Parameter Name="YType" ShortName="YType" Tag="0" Role="YType" Value="1">
      <ID ItemID="4294967289" TaskNumber="0" TypeHash="5" Path="" STType="HMI.SizeType" UIDType="Inner" />
      <IsValueFromTheme>false</IsValueFromTheme>
      <IsDynamized>false</IsDynamized>
      <ContiniuosUpdate>false</ContiniuosUpdate>
    </Parameter>
    <Parameter Name="ProportionType" ShortName="ProportionType" Tag="0" Role="ProportionType" Value="4">
      <ID ItemID="4294967288" TaskNumber="0" TypeHash="5" Path="" STType="HMI.ProportionType" UIDType="Inner" />
      <IsValueFromTheme>false</IsValueFromTheme>
      <IsDynamized>false</IsDynamized>
      <ContiniuosUpdate>false</ContiniuosUpdate>
    </Parameter>
    <Parameter Name="WidthType" ShortName="WidthType" Tag="0" Role="WidthType" Value="1">
      <ID ItemID="4294967287" TaskNumber="0" TypeHash="5" Path="" STType="HMI.SizeType" UIDType="Inner" />
      <IsValueFromTheme>false</IsValueFromTheme>
      <IsDynamized>false</IsDynamized>
      <ContiniuosUpdate>false</ContiniuosUpdate>
    </Parameter>
    <Parameter Name="HeightType" ShortName="HeightType" Tag="0" Role="HeightType" Value="1">
      <ID ItemID="4294967286" TaskNumber="0" TypeHash="5" Path="" STType="HMI.SizeType" UIDType="Inner" />
      <IsValueFromTheme>false</IsValueFromTheme>
      <IsDynamized>false</IsDynamized>
      <ContiniuosUpdate>false</ContiniuosUpdate>
    </Parameter>
  </Parameters>
  <Events>
    <Event Name="10037" ShortName="10037" Tag="10037" Role="Focus">
      <ID ItemID="10067" TaskNumber="0" TypeHash="0" Path="Focus" STType="" UIDType="Inner">
        <Owner ItemID="10067" TaskNumber="0" TypeHash="0" STType="" UIDType="Inner" />
      </ID>
      <Parent ItemID="10067" TaskNumber="0" TypeHash="0" Path="" STType="" UIDType="Inner">
        <Owner ItemID="10067" TaskNumber="0" TypeHash="0" STType="" UIDType="Inner" />
      </Parent>
      <Actions />
    </Event>
    <Event Name="10038" ShortName="10038" Tag="10038" Role="LostFocus">
      <ID ItemID="10067" TaskNumber="0" TypeHash="0" Path="LostFocus" STType="" UIDType="Inner">
        <Owner ItemID="10067" TaskNumber="0" TypeHash="0" STType="" UIDType="Inner" />
      </ID>
      <Parent ItemID="10067" TaskNumber="0" TypeHash="0" Path="" STType="" UIDType="Inner">
        <Owner ItemID="10067" TaskNumber="0" TypeHash="0" STType="" UIDType="Inner" />
      </Parent>
      <Actions />
    </Event>
  </Events>
  <ObjectId>0</ObjectId>
  <ServerTaskId>-1</ServerTaskId>
  <ServerTaskItemId>0</ServerTaskItemId>
  <Role>DateTimePicker</Role>
  <HasConnections>false</HasConnections>
</Element>