<?xml version="1.0" encoding="utf-8"?>
<Element xmlns:xsi="http://www.w3.org/2001/XMLSchema-instance" xmlns:xsd="http://www.w3.org/2001/XMLSchema" Name="4675" ShortName="Овал" Tag="4675">
  <ID ItemID="4675" TaskNumber="0" TypeHash="0" Path="" STType="" UIDType="Inner">
    <Owner ItemID="4675" TaskNumber="0" TypeHash="0" STType="" UIDType="Inner" />
  </ID>
  <UsedSTTypes>
    <string>HMI.ResourceType</string>
    <string>DINT</string>
    <string>LREAL</string>
    <string>HMI.BorderStyleType</string>
    <string>STRING</string>
    <string>HMI.SolidColorType</string>
    <string>HMI.GradientColorType</string>
    <string>BOOL</string>
    <string>HMI.TileType</string>
    <string>HMI.DockType</string>
    <string>HMI.HorizontalAlignType</string>
    <string>HMI.VerticalAlignType</string>
    <string>HMI.MouseCursorKinds</string>
    <string>HMI.SizeType</string>
    <string>HMI.ProportionType</string>
  </UsedSTTypes>
  <Parameters>
    <Parameter Name="Образ" ShortName="4605" Tag="4605" Role="SkinResource" Value="">
      <ID ItemID="4605" TaskNumber="0" TypeHash="4" Path="" STType="HMI.ResourceType" UIDType="Inner">
        <Owner ItemID="4675" TaskNumber="0" TypeHash="0" STType="" UIDType="Inner" />
      </ID>
      <Parent ItemID="4675" TaskNumber="0" TypeHash="0" Path="" STType="" UIDType="Inner">
        <Owner ItemID="4675" TaskNumber="0" TypeHash="0" STType="" UIDType="Inner" />
      </Parent>
      <IsValueFromTheme>false</IsValueFromTheme>
      <Connections />
      <IsDynamized>false</IsDynamized>
      <ContiniuosUpdate>false</ContiniuosUpdate>
    </Parameter>
    <Parameter Name="Порядок Z" ShortName="4606" Tag="4606" Role="Z" Value="">
      <ID ItemID="4606" TaskNumber="0" TypeHash="6" Path="" STType="DINT" UIDType="Inner">
        <Owner ItemID="4675" TaskNumber="0" TypeHash="0" STType="" UIDType="Inner" />
      </ID>
      <Parent ItemID="4675" TaskNumber="0" TypeHash="0" Path="" STType="" UIDType="Inner">
        <Owner ItemID="4675" TaskNumber="0" TypeHash="0" STType="" UIDType="Inner" />
      </Parent>
      <IsValueFromTheme>false</IsValueFromTheme>
      <Connections />
      <IsDynamized>false</IsDynamized>
      <ContiniuosUpdate>false</ContiniuosUpdate>
    </Parameter>
    <Parameter Name="Ширина" ShortName="4583" Tag="4583" Role="Width" Value="50">
      <ID ItemID="4583" TaskNumber="0" TypeHash="1" Path="" STType="LREAL" UIDType="Inner">
        <Owner ItemID="4675" TaskNumber="0" TypeHash="0" STType="" UIDType="Inner" />
      </ID>
      <Parent ItemID="4675" TaskNumber="0" TypeHash="0" Path="" STType="" UIDType="Inner">
        <Owner ItemID="4675" TaskNumber="0" TypeHash="0" STType="" UIDType="Inner" />
      </Parent>
      <IsValueFromTheme>false</IsValueFromTheme>
      <Connections />
      <IsDynamized>false</IsDynamized>
      <ContiniuosUpdate>false</ContiniuosUpdate>
    </Parameter>
    <Parameter Name="Высота" ShortName="4584" Tag="4584" Role="Height" Value="50">
      <ID ItemID="4584" TaskNumber="0" TypeHash="1" Path="" STType="LREAL" UIDType="Inner">
        <Owner ItemID="4675" TaskNumber="0" TypeHash="0" STType="" UIDType="Inner" />
      </ID>
      <Parent ItemID="4675" TaskNumber="0" TypeHash="0" Path="" STType="" UIDType="Inner">
        <Owner ItemID="4675" TaskNumber="0" TypeHash="0" STType="" UIDType="Inner" />
      </Parent>
      <IsValueFromTheme>false</IsValueFromTheme>
      <Connections />
      <IsDynamized>false</IsDynamized>
      <ContiniuosUpdate>false</ContiniuosUpdate>
    </Parameter>
    <Parameter Name="Масштаб Y" ShortName="4587" Tag="4587" Role="ScaleY" Value="1">
      <ID ItemID="4587" TaskNumber="0" TypeHash="1" Path="" STType="LREAL" UIDType="Inner">
        <Owner ItemID="4675" TaskNumber="0" TypeHash="0" STType="" UIDType="Inner" />
      </ID>
      <Parent ItemID="4675" TaskNumber="0" TypeHash="0" Path="" STType="" UIDType="Inner">
        <Owner ItemID="4675" TaskNumber="0" TypeHash="0" STType="" UIDType="Inner" />
      </Parent>
      <IsValueFromTheme>false</IsValueFromTheme>
      <Connections />
      <IsDynamized>false</IsDynamized>
      <ContiniuosUpdate>false</ContiniuosUpdate>
    </Parameter>
    <Parameter Name="Угол поворота" ShortName="4585" Tag="4585" Role="Angle" Value="0">
      <ID ItemID="4585" TaskNumber="0" TypeHash="1" Path="" STType="LREAL" UIDType="Inner">
        <Owner ItemID="4675" TaskNumber="0" TypeHash="0" STType="" UIDType="Inner" />
      </ID>
      <Parent ItemID="4675" TaskNumber="0" TypeHash="0" Path="" STType="" UIDType="Inner">
        <Owner ItemID="4675" TaskNumber="0" TypeHash="0" STType="" UIDType="Inner" />
      </Parent>
      <IsValueFromTheme>false</IsValueFromTheme>
      <Connections />
      <IsDynamized>false</IsDynamized>
      <ContiniuosUpdate>false</ContiniuosUpdate>
    </Parameter>
    <Parameter Name="Масштаб X" ShortName="4586" Tag="4586" Role="ScaleX" Value="1">
      <ID ItemID="4586" TaskNumber="0" TypeHash="1" Path="" STType="LREAL" UIDType="Inner">
        <Owner ItemID="4675" TaskNumber="0" TypeHash="0" STType="" UIDType="Inner" />
      </ID>
      <Parent ItemID="4675" TaskNumber="0" TypeHash="0" Path="" STType="" UIDType="Inner">
        <Owner ItemID="4675" TaskNumber="0" TypeHash="0" STType="" UIDType="Inner" />
      </Parent>
      <IsValueFromTheme>false</IsValueFromTheme>
      <Connections />
      <IsDynamized>false</IsDynamized>
      <ContiniuosUpdate>false</ContiniuosUpdate>
    </Parameter>
    <Parameter Name="Толщина линии" ShortName="4588" Tag="4588" Role="BorderThickness" Value="2">
      <ID ItemID="4588" TaskNumber="0" TypeHash="1" Path="" STType="LREAL" UIDType="Inner">
        <Owner ItemID="4675" TaskNumber="0" TypeHash="0" STType="" UIDType="Inner" />
      </ID>
      <Parent ItemID="4675" TaskNumber="0" TypeHash="0" Path="" STType="" UIDType="Inner">
        <Owner ItemID="4675" TaskNumber="0" TypeHash="0" STType="" UIDType="Inner" />
      </Parent>
      <IsValueFromTheme>false</IsValueFromTheme>
      <Connections />
      <IsDynamized>false</IsDynamized>
      <ContiniuosUpdate>false</ContiniuosUpdate>
    </Parameter>
    <Parameter Name="Стиль линии" ShortName="4602" Tag="4602" Role="BorderStyle" Value="0">
      <ID ItemID="4602" TaskNumber="0" TypeHash="5" Path="" STType="HMI.BorderStyleType" UIDType="Inner">
        <Owner ItemID="4675" TaskNumber="0" TypeHash="0" STType="" UIDType="Inner" />
      </ID>
      <Parent ItemID="4675" TaskNumber="0" TypeHash="0" Path="" STType="" UIDType="Inner">
        <Owner ItemID="4675" TaskNumber="0" TypeHash="0" STType="" UIDType="Inner" />
      </Parent>
      <IsValueFromTheme>false</IsValueFromTheme>
      <Connections />
      <IsDynamized>false</IsDynamized>
      <ContiniuosUpdate>false</ContiniuosUpdate>
    </Parameter>
    <Parameter Name="Всплывающая подсказка" ShortName="4598" Tag="4598" Role="ToolTip" Value="">
      <ID ItemID="4598" TaskNumber="0" TypeHash="4" Path="" STType="STRING" UIDType="Inner">
        <Owner ItemID="4675" TaskNumber="0" TypeHash="0" STType="" UIDType="Inner" />
      </ID>
      <Parent ItemID="4675" TaskNumber="0" TypeHash="0" Path="" STType="" UIDType="Inner">
        <Owner ItemID="4675" TaskNumber="0" TypeHash="0" STType="" UIDType="Inner" />
      </Parent>
      <IsValueFromTheme>false</IsValueFromTheme>
      <Connections />
      <IsDynamized>false</IsDynamized>
      <ContiniuosUpdate>false</ContiniuosUpdate>
    </Parameter>
    <Parameter Name="Цвет линии" ShortName="4593" Tag="4593" Role="BorderColor" Value="BLACK">
      <ID ItemID="4593" TaskNumber="0" TypeHash="4" Path="" STType="HMI.SolidColorType" UIDType="Inner">
        <Owner ItemID="4675" TaskNumber="0" TypeHash="0" STType="" UIDType="Inner" />
      </ID>
      <Parent ItemID="4675" TaskNumber="0" TypeHash="0" Path="" STType="" UIDType="Inner">
        <Owner ItemID="4675" TaskNumber="0" TypeHash="0" STType="" UIDType="Inner" />
      </Parent>
      <IsValueFromTheme>false</IsValueFromTheme>
      <Connections />
      <IsDynamized>false</IsDynamized>
      <ContiniuosUpdate>false</ContiniuosUpdate>
    </Parameter>
    <Parameter Name="Заливка фона" ShortName="4594" Tag="4594" Role="BackgroundColor" Value="TRANSPARENT">
      <ID ItemID="4594" TaskNumber="0" TypeHash="4" Path="" STType="HMI.GradientColorType" UIDType="Inner">
        <Owner ItemID="4675" TaskNumber="0" TypeHash="0" STType="" UIDType="Inner" />
      </ID>
      <Parent ItemID="4675" TaskNumber="0" TypeHash="0" Path="" STType="" UIDType="Inner">
        <Owner ItemID="4675" TaskNumber="0" TypeHash="0" STType="" UIDType="Inner" />
      </Parent>
      <IsValueFromTheme>false</IsValueFromTheme>
      <Connections />
      <IsDynamized>false</IsDynamized>
      <ContiniuosUpdate>false</ContiniuosUpdate>
    </Parameter>
    <Parameter Name="Прозрачность" ShortName="4589" Tag="4589" Role="Opacity" Value="100">
      <ID ItemID="4589" TaskNumber="0" TypeHash="1" Path="" STType="LREAL" UIDType="Inner">
        <Owner ItemID="4675" TaskNumber="0" TypeHash="0" STType="" UIDType="Inner" />
      </ID>
      <Parent ItemID="4675" TaskNumber="0" TypeHash="0" Path="" STType="" UIDType="Inner">
        <Owner ItemID="4675" TaskNumber="0" TypeHash="0" STType="" UIDType="Inner" />
      </Parent>
      <IsValueFromTheme>false</IsValueFromTheme>
      <Connections />
      <IsDynamized>false</IsDynamized>
      <ContiniuosUpdate>false</ContiniuosUpdate>
    </Parameter>
    <Parameter Name="Геометрия" ShortName="4590" Tag="4590" Role="BorderGeometry" Value="OVAL">
      <ID ItemID="4590" TaskNumber="0" TypeHash="4" Path="" STType="STRING" UIDType="Inner">
        <Owner ItemID="4675" TaskNumber="0" TypeHash="0" STType="" UIDType="Inner" />
      </ID>
      <Parent ItemID="4675" TaskNumber="0" TypeHash="0" Path="" STType="" UIDType="Inner">
        <Owner ItemID="4675" TaskNumber="0" TypeHash="0" STType="" UIDType="Inner" />
      </Parent>
      <IsValueFromTheme>false</IsValueFromTheme>
      <Connections />
      <IsDynamized>false</IsDynamized>
      <ContiniuosUpdate>false</ContiniuosUpdate>
    </Parameter>
    <Parameter Name="Мигание" ShortName="4592" Tag="4592" Role="Flash" Value="False">
      <ID ItemID="4592" TaskNumber="0" TypeHash="3" Path="" STType="BOOL" UIDType="Inner">
        <Owner ItemID="4675" TaskNumber="0" TypeHash="0" STType="" UIDType="Inner" />
      </ID>
      <Parent ItemID="4675" TaskNumber="0" TypeHash="0" Path="" STType="" UIDType="Inner">
        <Owner ItemID="4675" TaskNumber="0" TypeHash="0" STType="" UIDType="Inner" />
      </Parent>
      <IsValueFromTheme>false</IsValueFromTheme>
      <Connections />
      <IsDynamized>false</IsDynamized>
      <ContiniuosUpdate>false</ContiniuosUpdate>
    </Parameter>
    <Parameter Name="Размер тени" ShortName="4591" Tag="4591" Role="ShadowSize" Value="0">
      <ID ItemID="4591" TaskNumber="0" TypeHash="6" Path="" STType="DINT" UIDType="Inner">
        <Owner ItemID="4675" TaskNumber="0" TypeHash="0" STType="" UIDType="Inner" />
      </ID>
      <Parent ItemID="4675" TaskNumber="0" TypeHash="0" Path="" STType="" UIDType="Inner">
        <Owner ItemID="4675" TaskNumber="0" TypeHash="0" STType="" UIDType="Inner" />
      </Parent>
      <IsValueFromTheme>false</IsValueFromTheme>
      <Connections />
      <IsDynamized>false</IsDynamized>
      <ContiniuosUpdate>false</ContiniuosUpdate>
    </Parameter>
    <Parameter Name="Цвет тени" ShortName="4595" Tag="4595" Role="ShadowColor" Value="rgb(240,240,240)">
      <ID ItemID="4595" TaskNumber="0" TypeHash="4" Path="" STType="HMI.SolidColorType" UIDType="Inner">
        <Owner ItemID="4675" TaskNumber="0" TypeHash="0" STType="" UIDType="Inner" />
      </ID>
      <Parent ItemID="4675" TaskNumber="0" TypeHash="0" Path="" STType="" UIDType="Inner">
        <Owner ItemID="4675" TaskNumber="0" TypeHash="0" STType="" UIDType="Inner" />
      </Parent>
      <IsValueFromTheme>false</IsValueFromTheme>
      <Connections />
      <IsDynamized>false</IsDynamized>
      <ContiniuosUpdate>false</ContiniuosUpdate>
    </Parameter>
    <Parameter Name="Изображение фона" ShortName="4596" Tag="4596" Role="Resource" Value="">
      <ID ItemID="4596" TaskNumber="0" TypeHash="4" Path="" STType="HMI.ResourceType" UIDType="Inner">
        <Owner ItemID="4675" TaskNumber="0" TypeHash="0" STType="" UIDType="Inner" />
      </ID>
      <Parent ItemID="4675" TaskNumber="0" TypeHash="0" Path="" STType="" UIDType="Inner">
        <Owner ItemID="4675" TaskNumber="0" TypeHash="0" STType="" UIDType="Inner" />
      </Parent>
      <IsValueFromTheme>false</IsValueFromTheme>
      <Connections />
      <IsDynamized>false</IsDynamized>
      <ContiniuosUpdate>false</ContiniuosUpdate>
    </Parameter>
    <Parameter Name="Замостка фона" ShortName="4597" Tag="4597" Role="BackgroundTile" Value="2">
      <ID ItemID="4597" TaskNumber="0" TypeHash="5" Path="" STType="HMI.TileType" UIDType="Inner">
        <Owner ItemID="4675" TaskNumber="0" TypeHash="0" STType="" UIDType="Inner" />
      </ID>
      <Parent ItemID="4675" TaskNumber="0" TypeHash="0" Path="" STType="" UIDType="Inner">
        <Owner ItemID="4675" TaskNumber="0" TypeHash="0" STType="" UIDType="Inner" />
      </Parent>
      <IsValueFromTheme>false</IsValueFromTheme>
      <Connections />
      <IsDynamized>false</IsDynamized>
      <ContiniuosUpdate>false</ContiniuosUpdate>
    </Parameter>
    <Parameter Name="Видимость" ShortName="4599" Tag="4599" Role="IsVisible" Value="True">
      <ID ItemID="4599" TaskNumber="0" TypeHash="3" Path="" STType="BOOL" UIDType="Inner">
        <Owner ItemID="4675" TaskNumber="0" TypeHash="0" STType="" UIDType="Inner" />
      </ID>
      <Parent ItemID="4675" TaskNumber="0" TypeHash="0" Path="" STType="" UIDType="Inner">
        <Owner ItemID="4675" TaskNumber="0" TypeHash="0" STType="" UIDType="Inner" />
      </Parent>
      <IsValueFromTheme>false</IsValueFromTheme>
      <Connections />
      <IsDynamized>false</IsDynamized>
      <ContiniuosUpdate>false</ContiniuosUpdate>
    </Parameter>
    <Parameter Name="Активность" ShortName="4600" Tag="4600" Role="IsEnabled" Value="True">
      <ID ItemID="4600" TaskNumber="0" TypeHash="3" Path="" STType="BOOL" UIDType="Inner">
        <Owner ItemID="4675" TaskNumber="0" TypeHash="0" STType="" UIDType="Inner" />
      </ID>
      <Parent ItemID="4675" TaskNumber="0" TypeHash="0" Path="" STType="" UIDType="Inner">
        <Owner ItemID="4675" TaskNumber="0" TypeHash="0" STType="" UIDType="Inner" />
      </Parent>
      <IsValueFromTheme>false</IsValueFromTheme>
      <Connections />
      <IsDynamized>false</IsDynamized>
      <ContiniuosUpdate>false</ContiniuosUpdate>
    </Parameter>
    <Parameter Name="Клавиатурный индекс" ShortName="4601" Tag="4601" Role="TabIndex" Value="">
      <ID ItemID="4601" TaskNumber="0" TypeHash="6" Path="" STType="DINT" UIDType="Inner">
        <Owner ItemID="4675" TaskNumber="0" TypeHash="0" STType="" UIDType="Inner" />
      </ID>
      <Parent ItemID="4675" TaskNumber="0" TypeHash="0" Path="" STType="" UIDType="Inner">
        <Owner ItemID="4675" TaskNumber="0" TypeHash="0" STType="" UIDType="Inner" />
      </Parent>
      <IsValueFromTheme>false</IsValueFromTheme>
      <Connections />
      <IsDynamized>false</IsDynamized>
      <ContiniuosUpdate>false</ContiniuosUpdate>
    </Parameter>
    <Parameter Name="Координата X" ShortName="4603" Tag="4603" Role="X" Value="0">
      <ID ItemID="4603" TaskNumber="0" TypeHash="1" Path="" STType="LREAL" UIDType="Inner">
        <Owner ItemID="4675" TaskNumber="0" TypeHash="0" STType="" UIDType="Inner" />
      </ID>
      <Parent ItemID="4675" TaskNumber="0" TypeHash="0" Path="" STType="" UIDType="Inner">
        <Owner ItemID="4675" TaskNumber="0" TypeHash="0" STType="" UIDType="Inner" />
      </Parent>
      <IsValueFromTheme>false</IsValueFromTheme>
      <Connections />
      <IsDynamized>false</IsDynamized>
      <ContiniuosUpdate>false</ContiniuosUpdate>
    </Parameter>
    <Parameter Name="Координата Y" ShortName="4604" Tag="4604" Role="Y" Value="0">
      <ID ItemID="4604" TaskNumber="0" TypeHash="1" Path="" STType="LREAL" UIDType="Inner">
        <Owner ItemID="4675" TaskNumber="0" TypeHash="0" STType="" UIDType="Inner" />
      </ID>
      <Parent ItemID="4675" TaskNumber="0" TypeHash="0" Path="" STType="" UIDType="Inner">
        <Owner ItemID="4675" TaskNumber="0" TypeHash="0" STType="" UIDType="Inner" />
      </Parent>
      <IsValueFromTheme>false</IsValueFromTheme>
      <Connections />
      <IsDynamized>false</IsDynamized>
      <ContiniuosUpdate>false</ContiniuosUpdate>
    </Parameter>
    <Parameter Name="Положение" ShortName="4607" Tag="4607" Role="DockStyle" Value="3">
      <ID ItemID="4607" TaskNumber="0" TypeHash="5" Path="" STType="HMI.DockType" UIDType="Inner">
        <Owner ItemID="4675" TaskNumber="0" TypeHash="0" STType="" UIDType="Inner" />
      </ID>
      <Parent ItemID="4675" TaskNumber="0" TypeHash="0" Path="" STType="" UIDType="Inner">
        <Owner ItemID="4675" TaskNumber="0" TypeHash="0" STType="" UIDType="Inner" />
      </Parent>
      <IsValueFromTheme>false</IsValueFromTheme>
      <Connections />
      <IsDynamized>false</IsDynamized>
      <ContiniuosUpdate>false</ContiniuosUpdate>
    </Parameter>
    <Parameter Name="Горизонтальное выравнивание" ShortName="4608" Tag="4608" Role="HorizontalAlign" Value="1">
      <ID ItemID="4608" TaskNumber="0" TypeHash="5" Path="" STType="HMI.HorizontalAlignType" UIDType="Inner">
        <Owner ItemID="4675" TaskNumber="0" TypeHash="0" STType="" UIDType="Inner" />
      </ID>
      <Parent ItemID="4675" TaskNumber="0" TypeHash="0" Path="" STType="" UIDType="Inner">
        <Owner ItemID="4675" TaskNumber="0" TypeHash="0" STType="" UIDType="Inner" />
      </Parent>
      <IsValueFromTheme>false</IsValueFromTheme>
      <Connections />
      <IsDynamized>false</IsDynamized>
      <ContiniuosUpdate>false</ContiniuosUpdate>
    </Parameter>
    <Parameter Name="Вертикальное выравнивание" ShortName="4609" Tag="4609" Role="VerticalAlign" Value="1">
      <ID ItemID="4609" TaskNumber="0" TypeHash="5" Path="" STType="HMI.VerticalAlignType" UIDType="Inner">
        <Owner ItemID="4675" TaskNumber="0" TypeHash="0" STType="" UIDType="Inner" />
      </ID>
      <Parent ItemID="4675" TaskNumber="0" TypeHash="0" Path="" STType="" UIDType="Inner">
        <Owner ItemID="4675" TaskNumber="0" TypeHash="0" STType="" UIDType="Inner" />
      </Parent>
      <IsValueFromTheme>false</IsValueFromTheme>
      <Connections />
      <IsDynamized>false</IsDynamized>
      <ContiniuosUpdate>false</ContiniuosUpdate>
    </Parameter>
    <Parameter Name="Вид курсора" ShortName="4610" Tag="4610" Role="MouseCursorKind" Value="0">
      <ID ItemID="4610" TaskNumber="0" TypeHash="5" Path="" STType="HMI.MouseCursorKinds" UIDType="Inner">
        <Owner ItemID="4675" TaskNumber="0" TypeHash="0" STType="" UIDType="Inner" />
      </ID>
      <Parent ItemID="4675" TaskNumber="0" TypeHash="0" Path="" STType="" UIDType="Inner">
        <Owner ItemID="4675" TaskNumber="0" TypeHash="0" STType="" UIDType="Inner" />
      </Parent>
      <IsValueFromTheme>false</IsValueFromTheme>
      <Connections />
      <IsDynamized>false</IsDynamized>
      <ContiniuosUpdate>false</ContiniuosUpdate>
    </Parameter>
    <Parameter Name="XType" ShortName="XType" Tag="0" Role="XType" Value="1">
      <ID ItemID="4294967295" TaskNumber="0" TypeHash="5" Path="" STType="HMI.SizeType" UIDType="Inner" />
      <IsValueFromTheme>false</IsValueFromTheme>
      <IsDynamized>false</IsDynamized>
      <ContiniuosUpdate>false</ContiniuosUpdate>
    </Parameter>
    <Parameter Name="YType" ShortName="YType" Tag="0" Role="YType" Value="1">
      <ID ItemID="4294967294" TaskNumber="0" TypeHash="5" Path="" STType="HMI.SizeType" UIDType="Inner" />
      <IsValueFromTheme>false</IsValueFromTheme>
      <IsDynamized>false</IsDynamized>
      <ContiniuosUpdate>false</ContiniuosUpdate>
    </Parameter>
    <Parameter Name="ProportionType" ShortName="ProportionType" Tag="0" Role="ProportionType" Value="4">
      <ID ItemID="4294967293" TaskNumber="0" TypeHash="5" Path="" STType="HMI.ProportionType" UIDType="Inner" />
      <IsValueFromTheme>false</IsValueFromTheme>
      <IsDynamized>false</IsDynamized>
      <ContiniuosUpdate>false</ContiniuosUpdate>
    </Parameter>
    <Parameter Name="WidthType" ShortName="WidthType" Tag="0" Role="WidthType" Value="1">
      <ID ItemID="4294967292" TaskNumber="0" TypeHash="5" Path="" STType="HMI.SizeType" UIDType="Inner" />
      <IsValueFromTheme>false</IsValueFromTheme>
      <IsDynamized>false</IsDynamized>
      <ContiniuosUpdate>false</ContiniuosUpdate>
    </Parameter>
    <Parameter Name="HeightType" ShortName="HeightType" Tag="0" Role="HeightType" Value="1">
      <ID ItemID="4294967291" TaskNumber="0" TypeHash="5" Path="" STType="HMI.SizeType" UIDType="Inner" />
      <IsValueFromTheme>false</IsValueFromTheme>
      <IsDynamized>false</IsDynamized>
      <ContiniuosUpdate>false</ContiniuosUpdate>
    </Parameter>
  </Parameters>
  <ObjectId>0</ObjectId>
  <ServerTaskId>-1</ServerTaskId>
  <ServerTaskItemId>0</ServerTaskItemId>
  <Role>Oval</Role>
  <HasConnections>false</HasConnections>
</Element>